"germline_call","note","polymorphism_call","nt_substitutions","novel_imgt","novel_imgt_count","novel_imgt_unique_j","novel_imgt_unique_cdr3","perfect_match_count","perfect_match_freq","germline_call_count","germline_call_freq","mut_min","mut_max","mut_pass_count","germline_imgt","germline_imgt_count","pos_min","pos_max","y_intercept","y_intercept_pass","snp_pass","unmutated_count","unmutated_freq","unmutated_snp_j_gene_length_count","snp_min_seqs_j_max_pass","alpha","min_seqs","j_max","min_frac"
"IGHV4-34*01","No positions pass y-intercept test.",NA,NA,NA,NA,NA,NA,NA,NA,1544,1,1,10,200,"CAGGTGCAGCTACAGCAGTGGGGCGCA...GGACTGTTGAAGCCTTCGGAGACCCTGTCCCTCACCTGCGCTGTCTATGGTGGGTCCTTC............AGTGGTTACTACTGGAGCTGGATCCGCCAGCCCCCAGGGAAGGGGCTGGAGTGGATTGGGGAAATCAATCATAGT.........GGAAGCACCAACTACAACCCGTCCCTCAAG...AGTCGAGTCACCATATCAGTAGACACGTCCAAGAACCAGTTCTCCCTGAAGCTGAGCTCTGTGACCGCCGCGGACACGGCTGTGTATTACTGTGCGAGAGG",1158,1,318,0.125,0,NA,NA,NA,NA,NA,0.05,1,0.15,0.75
"IGHV4-34*02","Novel allele found!","IGHV4-34*02_A15G","15A>G","CAGGTGCAGCTACAGCAGTGGGGCGCA...GGACTGTTGAAGCCTTCGGAGACCCTGTCCCTCACCTGCGCTGTCTATGGTGGGTCCTTC............AGTGGTTACTACTGGAGCTGGATCCGCCAGCCCCCAGGGAAGGGGCTGGAGTGGATTGGGGAAATCAATCATAGT.........GGAAGCACCAACTACAACCCGTCCCTCAAG...AGTCGAGTCACCATATCAGTAGACACGTCCAAGAACCAGTTCTCCCTGAAGCTGAGCTCTGTGACCGCCGCGGACACGGCTGTGTATTACTGTGCGAGAGG",1158,6,1158,1343,0.869818652849741,1544,1,1,10,1542,"CAGGTGCAGCTACAACAGTGGGGCGCA...GGACTGTTGAAGCCTTCGGAGACCCTGTCCCTCACCTGCGCTGTCTATGGTGGGTCCTTC............AGTGGTTACTACTGGAGCTGGATCCGCCAGCCCCCAGGGAAGGGGCTGGAGTGGATTGGGGAAATCAATCATAGT.........GGAAGCACCAACTACAACCCGTCCCTCAAG...AGTCGAGTCACCATATCAGTAGACACGTCCAAGAACCAGTTCTCCCTGAAGCTGAGCTCTGTGACCGCCGCGGACACGGCTGTGTATTACTGTGCGAGAGG",0,1,318,0.125,1,1539,1343,0.869818652849741,115,1,0.05,1,0.15,0.75
"IGHV4-4*02","No positions pass y-intercept test.",NA,NA,NA,NA,NA,NA,NA,NA,186,1,1,10,27,"CAGGTGCAGCTGCAGGAGTCGGGCCCA...GGACTGGTGAAGCCTTCGGGGACCCTGTCCCTCACCTGCGCTGTCTCTGGTGGCTCCATCAGC.........AGTAGTAACTGGTGGAGTTGGGTCCGCCAGCCCCCAGGGAAGGGGCTGGAGTGGATTGGGGAAATCTATCATAGT.........GGGAGCACCAACTACAACCCGTCCCTCAAG...AGTCGAGTCACCATATCAGTAGACAAGTCCAAGAACCAGTTCTCCCTGAAGCTGAGCTCTGTGACCGCCGCGGACACGGCCGTGTATTACTGTGCGAGAGA",126,1,318,0.125,0,NA,NA,NA,NA,NA,0.05,1,0.15,0.75
"IGHV1-2*02","Novel allele found!","IGHV1-2*02_A223T","223A>T","CAGGTGCAGCTGGTGCAGTCTGGGGCT...GAGGTGAAGAAGCCTGGGGCCTCAGTGAAGGTCTCCTGCAAGGCTTCTGGATACACCTTC............ACCGGCTACTATATGCACTGGGTGCGACAGGCCCCTGGACAAGGGCTTGAGTGGATGGGATGGATCAACCCTAAC......AGTGGTGGCACAAACTATGCACAGAAGTTTCAG...GGCTGGGTCACCATGACCAGGGACACGTCCATCAGCACAGCCTACATGGAGCTGAGCAGGCTGAGATCTGACGACACGGCCGTGTATTACTGTGCGAGAGA",154,6,154,181,0.232947232947233,777,1,1,10,280,"CAGGTGCAGCTGGTGCAGTCTGGGGCT...GAGGTGAAGAAGCCTGGGGCCTCAGTGAAGGTCTCCTGCAAGGCTTCTGGATACACCTTC............ACCGGCTACTATATGCACTGGGTGCGACAGGCCCCTGGACAAGGGCTTGAGTGGATGGGATGGATCAACCCTAAC......AGTGGTGGCACAAACTATGCACAGAAGTTTCAG...GGCAGGGTCACCATGACCAGGGACACGTCCATCAGCACAGCCTACATGGAGCTGAGCAGGCTGAGATCTGACGACACGGCCGTGTATTACTGTGCGAGAGA",390,1,318,0.125,1,210,181,0.232947232947233,57,1,0.05,1,0.15,0.75
"IGHV1-2*04","Novel allele found!","IGHV1-2*04_T223A","223T>A","CAGGTGCAGCTGGTGCAGTCTGGGGCT...GAGGTGAAGAAGCCTGGGGCCTCAGTGAAGGTCTCCTGCAAGGCTTCTGGATACACCTTC............ACCGGCTACTATATGCACTGGGTGCGACAGGCCCCTGGACAAGGGCTTGAGTGGATGGGATGGATCAACCCTAAC......AGTGGTGGCACAAACTATGCACAGAAGTTTCAG...GGCAGGGTCACCATGACCAGGGACACGTCCATCAGCACAGCCTACATGGAGCTGAGCAGGCTGAGATCTGACGACACGGCCGTGTATTACTGTGCGAGAGA",390,6,390,493,0.634491634491634,777,1,1,10,592,"CAGGTGCAGCTGGTGCAGTCTGGGGCT...GAGGTGAAGAAGCCTGGGGCCTCAGTGAAGGTCTCCTGCAAGGCTTCTGGATACACCTTC............ACCGGCTACTATATGCACTGGGTGCGACAGGCCCCTGGACAAGGGCTTGAGTGGATGGGATGGATCAACCCTAAC......AGTGGTGGCACAAACTATGCACAGAAGTTTCAG...GGCTGGGTCACCATGACCAGGGACACGTCCATCAGCACAGCCTACATGGAGCTGAGCAGGCTGAGATCTGACGACACGGCCGTGTATTACTGTGCGAGAGA",154,1,318,0.125,1,563,493,0.634491634491634,74,1,0.05,1,0.15,0.75
"IGHV1-8*03","No positions pass y-intercept test.",NA,NA,NA,NA,NA,NA,NA,NA,183,1,1,10,28,"CAGGTGCAGCTGGTGCAGTCTGGGGCT...GAGGTGAAGAAGCCTGGGGCCTCAGTGAAGGTCTCCTGCAAGGCTTCTGGATACACCTTC............ACCAGCTATGATATCAACTGGGTGCGACAGGCCACTGGACAAGGGCTTGAGTGGATGGGATGGATGAACCCTAAC......AGTGGTAACACAGGCTATGCACAGAAGTTCCAG...GGCAGAGTCACCATTACCAGGAACACCTCCATAAGCACAGCCTACATGGAGCTGAGCAGCCTGAGATCTGAGGACACGGCCGTGTATTACTGTGCGAGAGG",133,1,318,0.125,0,NA,NA,NA,NA,NA,0.05,1,0.15,0.75
"IGHV1-46*01","No positions pass y-intercept test.",NA,NA,NA,NA,NA,NA,NA,NA,584,1,1,10,88,"CAGGTGCAGCTGGTGCAGTCTGGGGCT...GAGGTGAAGAAGCCTGGGGCCTCAGTGAAGGTTTCCTGCAAGGCATCTGGATACACCTTC............ACCAGCTACTATATGCACTGGGTGCGACAGGCCCCTGGACAAGGGCTTGAGTGGATGGGAATAATCAACCCTAGT......GGTGGTAGCACAAGCTACGCACAGAAGTTCCAG...GGCAGAGTCACCATGACCAGGGACACGTCCACGAGCACAGTCTACATGGAGCTGAGCAGCCTGAGATCTGAGGACACGGCCGTGTATTACTGTGCGAGAGA",421,1,318,0.125,0,NA,NA,NA,NA,NA,0.05,1,0.15,0.75
"IGHV1-46*03","Novel allele found!","IGHV1-46*03_T315G","315T>G","CAGGTGCAGCTGGTGCAGTCTGGGGCT...GAGGTGAAGAAGCCTGGGGCCTCAGTGAAGGTTTCCTGCAAGGCATCTGGATACACCTTC............ACCAGCTACTATATGCACTGGGTGCGACAGGCCCCTGGACAAGGGCTTGAGTGGATGGGAATAATCAACCCTAGT......GGTGGTAGCACAAGCTACGCACAGAAGTTCCAG...GGCAGAGTCACCATGACCAGGGACACGTCCACGAGCACAGTCTACATGGAGCTGAGCAGCCTGAGATCTGAGGACACGGCCGTGTATTACTGTGCGAGAGA",421,6,421,494,0.845890410958904,584,1,1,10,581,"CAGGTGCAGCTGGTGCAGTCTGGGGCT...GAGGTGAAGAAGCCTGGGGCCTCAGTGAAGGTTTCCTGCAAGGCATCTGGATACACCTTC............ACCAGCTACTATATGCACTGGGTGCGACAGGCCCCTGGACAAGGGCTTGAGTGGATGGGAATAATCAACCCTAGT......GGTGGTAGCACAAGCTACGCACAGAAGTTCCAG...GGCAGAGTCACCATGACCAGGGACACGTCCACGAGCACAGTCTACATGGAGCTGAGCAGCCTGAGATCTGAGGACACGGCCGTGTATTACTGTGCTAGAGA",0,1,318,0.125,1,579,494,0.845890410958904,81,1,0.05,1,0.15,0.75
"IGHV3-30-3*01","No positions pass y-intercept test.",NA,NA,NA,NA,NA,NA,NA,NA,617,1,1,10,112,"CAGGTGCAGCTGGTGGAGTCTGGGGGA...GGCGTGGTCCAGCCTGGGAGGTCCCTGAGACTCTCCTGTGCAGCCTCTGGATTCACCTTC............AGTAGCTATGCTATGCACTGGGTCCGCCAGGCTCCAGGCAAGGGGCTGGAGTGGGTGGCAGTTATATCATATGAT......GGAAGCAATAAATACTACGCAGACTCCGTGAAG...GGCCGATTCACCATCTCCAGAGACAATTCCAAGAACACGCTGTATCTGCAAATGAACAGCCTGAGAGCTGAGGACACGGCTGTGTATTACTGTGCGAGAGA",420,1,318,0.125,0,NA,NA,NA,NA,NA,0.05,1,0.15,0.75
"IGHV3-33*01","No positions pass y-intercept test.",NA,NA,NA,NA,NA,NA,NA,NA,374,1,1,10,65,"CAGGTGCAGCTGGTGGAGTCTGGGGGA...GGCGTGGTCCAGCCTGGGAGGTCCCTGAGACTCTCCTGTGCAGCGTCTGGATTCACCTTC............AGTAGCTATGGCATGCACTGGGTCCGCCAGGCTCCAGGCAAGGGGCTGGAGTGGGTGGCAGTTATATGGTATGAT......GGAAGTAATAAATACTATGCAGACTCCGTGAAG...GGCCGATTCACCATCTCCAGAGACAATTCCAAGAACACGCTGTATCTGCAAATGAACAGCCTGAGAGCCGAGGACACGGCTGTGTATTACTGTGCGAGAGA",288,1,318,0.125,0,NA,NA,NA,NA,NA,0.05,1,0.15,0.75
"IGHV3-33*06","Novel allele found!","IGHV3-33*06_A317G","317A>G","CAGGTGCAGCTGGTGGAGTCTGGGGGA...GGCGTGGTCCAGCCTGGGAGGTCCCTGAGACTCTCCTGTGCAGCGTCTGGATTCACCTTC............AGTAGCTATGGCATGCACTGGGTCCGCCAGGCTCCAGGCAAGGGGCTGGAGTGGGTGGCAGTTATATGGTATGAT......GGAAGTAATAAATACTATGCAGACTCCGTGAAG...GGCCGATTCACCATCTCCAGAGACAATTCCAAGAACACGCTGTATCTGCAAATGAACAGCCTGAGAGCCGAGGACACGGCTGTGTATTACTGTGCGAGAGA",288,6,288,309,0.82620320855615,374,1,1,10,372,"CAGGTGCAGCTGGTGGAGTCTGGGGGA...GGCGTGGTCCAGCCTGGGAGGTCCCTGAGACTCTCCTGTGCAGCGTCTGGATTCACCTTC............AGTAGCTATGGCATGCACTGGGTCCGCCAGGCTCCAGGCAAGGGGCTGGAGTGGGTGGCAGTTATATGGTATGAT......GGAAGTAATAAATACTATGCAGACTCCGTGAAG...GGCCGATTCACCATCTCCAGAGACAATTCCAAGAACACGCTGTATCTGCAAATGAACAGCCTGAGAGCCGAGGACACGGCTGTGTATTACTGTGCGAAAGA",1,1,318,0.125,1,372,309,0.82620320855615,66,1,0.05,1,0.15,0.75
"IGHV3-30*03","No positions pass y-intercept test.",NA,NA,NA,NA,NA,NA,NA,NA,16,1,1,10,6,"CAGGTGCAGCTGGTGGAGTCTGGGGGA...GGCGTGGTCCAGCCTGGGAGGTCCCTGAGACTCTCCTGTGCAGCCTCTGGATTCACCTTC............AGTAGCTATGGCATGCACTGGGTCCGCCAGGCTCCAGGCAAGGGGCTGGAGTGGGTGGCAGTTATATCATATGAT......GGAAGTAATAAATACTATGCAGACTCCGTGAAG...GGCCGATTCACCATCTCCAGAGACAATTCCAAGAACACGCTGTATCTGCAAATGAACAGCCTGAGAGCTGAGGACACGGCTGTGTATTACTGTGCGAGAGA",7,1,318,0.125,0,NA,NA,NA,NA,NA,0.05,1,0.15,0.75
"IGHV3-30*01","Position(s) passed y-intercept (113,114,150,201) but A J-junction combination is too prevalent (22.2% of sequences)..",NA,NA,NA,NA,NA,NA,9,0.5625,16,1,1,10,16,"CAGGTGCAGCTGGTGGAGTCTGGGGGA...GGCGTGGTCCAGCCTGGGAGGTCCCTGAGACTCTCCTGTGCAGCCTCTGGATTCACCTTC............AGTAGCTATGCTATGCACTGGGTCCGCCAGGCTCCAGGCAAGGGGCTAGAGTGGGTGGCAGTTATATCATATGAT......GGAAGTAATAAATACTACGCAGACTCCGTGAAG...GGCCGATTCACCATCTCCAGAGACAATTCCAAGAACACGCTGTATCTGCAAATGAACAGCCTGAGAGCTGAGGACACGGCTGTGTATTACTGTGCGAGAGA",0,1,318,0.125,4,15,9,0.5625,7,0,0.05,1,0.15,0.75
"IGHV3-30*01","Position(s) passed y-intercept (113,114,150,201) but A J-junction combination is too prevalent (22.2% of sequences)..",NA,NA,NA,NA,NA,NA,9,0.5625,16,1,4,13,16,"CAGGTGCAGCTGGTGGAGTCTGGGGGA...GGCGTGGTCCAGCCTGGGAGGTCCCTGAGACTCTCCTGTGCAGCCTCTGGATTCACCTTC............AGTAGCTATGCTATGCACTGGGTCCGCCAGGCTCCAGGCAAGGGGCTAGAGTGGGTGGCAGTTATATCATATGAT......GGAAGTAATAAATACTACGCAGACTCCGTGAAG...GGCCGATTCACCATCTCCAGAGACAATTCCAAGAACACGCTGTATCTGCAAATGAACAGCCTGAGAGCTGAGGACACGGCTGTGTATTACTGTGCGAGAGA",0,1,318,0.125,4,15,9,0.5625,7,0,0.05,1,0.15,0.75
"IGHV3-11*04","No positions pass y-intercept test.",NA,NA,NA,NA,NA,NA,NA,NA,231,1,1,10,119,"CAGGTGCAGCTGGTGGAGTCTGGGGGA...GGCTTGGTCAAGCCTGGAGGGTCCCTGAGACTCTCCTGTGCAGCCTCTGGATTCACCTTC............AGTGACTACTACATGAGCTGGATCCGCCAGGCTCCAGGGAAGGGGCTGGAGTGGGTTTCATACATTAGTAGTAGT......GGTAGTACCATATACTACGCAGACTCTGTGAAG...GGCCGATTCACCATCTCCAGGGACAACGCCAAGAACTCACTGTATCTGCAAATGAACAGCCTGAGAGCCGAGGACACGGCTGTGTATTACTGTGCGAGAGA",86,1,318,0.125,0,NA,NA,NA,NA,NA,0.05,1,0.15,0.75
"IGHV3-11*04","Novel allele found!","IGHV3-11*04_G184A_A190T_C191A_T194C_T196A_G240A","184G>A,190A>T,191C>A,194T>C,196T>A,240G>A","CAGGTGCAGCTGGTGGAGTCTGGGGGA...GGCTTGGTCAAGCCTGGAGGGTCCCTGAGACTCTCCTGTGCAGCCTCTGGATTCACCTTC............AGTGACTACTACATGAGCTGGATCCGCCAGGCTCCAGGGAAGGGGCTGGAGTGGGTTTCATACATTAGTAGTAGT......AGTAGTTACACAAACTACGCAGACTCTGTGAAG...GGCCGATTCACCATCTCCAGAGACAACGCCAAGAACTCACTGTATCTGCAAATGAACAGCCTGAGAGCCGAGGACACGGCTGTGTATTACTGTGCGAGAGA",73,5,73,88,0.380952380952381,231,1,6,15,110,"CAGGTGCAGCTGGTGGAGTCTGGGGGA...GGCTTGGTCAAGCCTGGAGGGTCCCTGAGACTCTCCTGTGCAGCCTCTGGATTCACCTTC............AGTGACTACTACATGAGCTGGATCCGCCAGGCTCCAGGGAAGGGGCTGGAGTGGGTTTCATACATTAGTAGTAGT......GGTAGTACCATATACTACGCAGACTCTGTGAAG...GGCCGATTCACCATCTCCAGGGACAACGCCAAGAACTCACTGTATCTGCAAATGAACAGCCTGAGAGCCGAGGACACGGCTGTGTATTACTGTGCGAGAGA",86,1,318,0.125,6,109,88,0.380952380952381,44,1,0.05,1,0.15,0.75
"IGHV3-11*06","No positions pass y-intercept test.",NA,NA,NA,NA,NA,NA,NA,NA,231,1,1,10,137,"CAGGTGCAGCTGGTGGAGTCTGGGGGA...GGCTTGGTCAAGCCTGGAGGGTCCCTGAGACTCTCCTGTGCAGCCTCTGGATTCACCTTC............AGTGACTACTACATGAGCTGGATCCGCCAGGCTCCAGGGAAGGGGCTGGAGTGGGTTTCATACATTAGTAGTAGT......AGTAGTTACACAAACTACGCAGACTCTGTGAAG...GGCCGATTCACCATCTCCAGAGACAACGCCAAGAACTCACTGTATCTGCAAATGAACAGCCTGAGAGCCGAGGACACGGCTGTGTATTACTGTGCGAGAGA",73,1,318,0.125,0,NA,NA,NA,NA,NA,0.05,1,0.15,0.75
"IGHV3-11*06","Novel allele found!","IGHV3-11*06_A184G_T190A_A191C_C194T_A196T_A240G","184A>G,190T>A,191A>C,194C>T,196A>T,240A>G","CAGGTGCAGCTGGTGGAGTCTGGGGGA...GGCTTGGTCAAGCCTGGAGGGTCCCTGAGACTCTCCTGTGCAGCCTCTGGATTCACCTTC............AGTGACTACTACATGAGCTGGATCCGCCAGGCTCCAGGGAAGGGGCTGGAGTGGGTTTCATACATTAGTAGTAGT......GGTAGTACCATATACTACGCAGACTCTGTGAAG...GGCCGATTCACCATCTCCAGGGACAACGCCAAGAACTCACTGTATCTGCAAATGAACAGCCTGAGAGCCGAGGACACGGCTGTGTATTACTGTGCGAGAGA",86,6,86,110,0.476190476190476,231,1,6,15,127,"CAGGTGCAGCTGGTGGAGTCTGGGGGA...GGCTTGGTCAAGCCTGGAGGGTCCCTGAGACTCTCCTGTGCAGCCTCTGGATTCACCTTC............AGTGACTACTACATGAGCTGGATCCGCCAGGCTCCAGGGAAGGGGCTGGAGTGGGTTTCATACATTAGTAGTAGT......AGTAGTTACACAAACTACGCAGACTCTGTGAAG...GGCCGATTCACCATCTCCAGAGACAACGCCAAGAACTCACTGTATCTGCAAATGAACAGCCTGAGAGCCGAGGACACGGCTGTGTATTACTGTGCGAGAGA",73,1,318,0.125,6,126,110,0.476190476190476,51,1,0.05,1,0.15,0.75
"IGHV4-31*03","No positions pass y-intercept test.",NA,NA,NA,NA,NA,NA,NA,NA,546,1,1,10,58,"CAGGTGCAGCTGCAGGAGTCGGGCCCA...GGACTGGTGAAGCCTTCACAGACCCTGTCCCTCACCTGCACTGTCTCTGGTGGCTCCATCAGC......AGTGGTGGTTACTACTGGAGCTGGATCCGCCAGCACCCAGGGAAGGGCCTGGAGTGGATTGGGTACATCTATTACAGT.........GGGAGCACCTACTACAACCCGTCCCTCAAG...AGTCGAGTTACCATATCAGTAGACACGTCTAAGAACCAGTTCTCCCTGAAGCTGAGCTCTGTGACTGCCGCGGACACGGCCGTGTATTACTGTGCGAGAGA",389,1,318,0.125,0,NA,NA,NA,NA,NA,0.05,1,0.15,0.75
"IGHV4-61*02","No positions pass y-intercept test.",NA,NA,NA,NA,NA,NA,NA,NA,759,1,1,10,112,"CAGGTGCAGCTGCAGGAGTCGGGCCCA...GGACTGGTGAAGCCTTCACAGACCCTGTCCCTCACCTGCACTGTCTCTGGTGGCTCCATCAGC......AGTGGTAGTTACTACTGGAGCTGGATCCGGCAGCCCGCCGGGAAGGGACTGGAGTGGATTGGGCGTATCTATACCAGT.........GGGAGCACCAACTACAACCCCTCCCTCAAG...AGTCGAGTCACCATATCAGTAGACACGTCCAAGAACCAGTTCTCCCTGAAGCTGAGCTCTGTGACCGCCGCAGACACGGCCGTGTATTACTGTGCGAGAGA",464,1,318,0.125,0,NA,NA,NA,NA,NA,0.05,1,0.15,0.75
"IGHV4-61*02","Novel allele found!","IGHV4-61*02_A48G_C49G_A88G_G136C_C138A_C163T_G164A_A172T_C173A_C288T_A291G","48A>G,49C>G,88A>G,136G>C,138C>A,163C>T,164G>A,172A>T,173C>A,288C>T,291A>G","CAGGTGCAGCTGCAGGAGTCGGGCCCA...GGACTGGTGAAGCCTTCGGAGACCCTGTCCCTCACCTGCACTGTCTCTGGTGGCTCCGTCAGC......AGTGGTAGTTACTACTGGAGCTGGATCCGGCAGCCCCCAGGGAAGGGACTGGAGTGGATTGGGTATATCTATTACAGT.........GGGAGCACCAACTACAACCCCTCCCTCAAG...AGTCGAGTCACCATATCAGTAGACACGTCCAAGAACCAGTTCTCCCTGAAGCTGAGCTCTGTGACCGCTGCGGACACGGCCGTGTATTACTGTGCGAGAGA",66,5,66,78,0.102766798418972,759,1,11,20,97,"CAGGTGCAGCTGCAGGAGTCGGGCCCA...GGACTGGTGAAGCCTTCACAGACCCTGTCCCTCACCTGCACTGTCTCTGGTGGCTCCATCAGC......AGTGGTAGTTACTACTGGAGCTGGATCCGGCAGCCCGCCGGGAAGGGACTGGAGTGGATTGGGCGTATCTATACCAGT.........GGGAGCACCAACTACAACCCCTCCCTCAAG...AGTCGAGTCACCATATCAGTAGACACGTCCAAGAACCAGTTCTCCCTGAAGCTGAGCTCTGTGACCGCCGCAGACACGGCCGTGTATTACTGTGCGAGAGA",464,1,318,0.125,11,93,78,0.102766798418972,40,1,0.05,1,0.15,0.75
"IGHV4-61*01","No positions pass y-intercept test.",NA,NA,NA,NA,NA,NA,NA,NA,759,1,1,10,12,"CAGGTGCAGCTGCAGGAGTCGGGCCCA...GGACTGGTGAAGCCTTCGGAGACCCTGTCCCTCACCTGCACTGTCTCTGGTGGCTCCGTCAGC......AGTGGTAGTTACTACTGGAGCTGGATCCGGCAGCCCCCAGGGAAGGGACTGGAGTGGATTGGGTATATCTATTACAGT.........GGGAGCACCAACTACAACCCCTCCCTCAAG...AGTCGAGTCACCATATCAGTAGACACGTCCAAGAACCAGTTCTCCCTGAAGCTGAGCTCTGTGACCGCTGCGGACACGGCCGTGTATTACTGTGCGAGAGA",66,1,318,0.125,0,NA,NA,NA,NA,NA,0.05,1,0.15,0.75
"IGHV4-61*01","Novel allele found!","IGHV4-61*01_G48A_G49C_G88A_C136G_A138C_T163C_A164G_T172A_A173C_T288C_G291A","48G>A,49G>C,88G>A,136C>G,138A>C,163T>C,164A>G,172T>A,173A>C,288T>C,291G>A","CAGGTGCAGCTGCAGGAGTCGGGCCCA...GGACTGGTGAAGCCTTCACAGACCCTGTCCCTCACCTGCACTGTCTCTGGTGGCTCCATCAGC......AGTGGTAGTTACTACTGGAGCTGGATCCGGCAGCCCGCCGGGAAGGGACTGGAGTGGATTGGGCGTATCTATACCAGT.........GGGAGCACCAACTACAACCCCTCCCTCAAG...AGTCGAGTCACCATATCAGTAGACACGTCCAAGAACCAGTTCTCCCTGAAGCTGAGCTCTGTGACCGCCGCAGACACGGCCGTGTATTACTGTGCGAGAGA",464,6,463,550,0.72463768115942,759,1,11,20,661,"CAGGTGCAGCTGCAGGAGTCGGGCCCA...GGACTGGTGAAGCCTTCGGAGACCCTGTCCCTCACCTGCACTGTCTCTGGTGGCTCCGTCAGC......AGTGGTAGTTACTACTGGAGCTGGATCCGGCAGCCCCCAGGGAAGGGACTGGAGTGGATTGGGTATATCTATTACAGT.........GGGAGCACCAACTACAACCCCTCCCTCAAG...AGTCGAGTCACCATATCAGTAGACACGTCCAAGAACCAGTTCTCCCTGAAGCTGAGCTCTGTGACCGCTGCGGACACGGCCGTGTATTACTGTGCGAGAGA",66,1,318,0.125,11,661,552,0.727272727272727,89,1,0.05,1,0.15,0.75
"IGHV4-30-4*07","No positions pass y-intercept test.",NA,NA,NA,NA,NA,NA,NA,NA,516,1,1,10,402,"CAGGTGCAGCTGCAGGAGTCGGGCCCA...GGACTGGTGAAGCCTTCACAGACCCTGTCCCTCACCTGCGCTGTCTCTGGTGGCTCCATCAGC......AGTGGTGGTTACTCCTGGAGCTGGATCCGGCAGCCACCAGGGAAGGGACTGGAGTGGATTGGGTATATCTATTACAGT.........GGGAGCACCTACTACAACCCGTCCCTCAAG...AGTCGAGTTACCATATCAGTAGACACGTCCAAGAACCAGTTCTCCCTGAAGCTGAGCTCTGTGACCGCCGCGGACACGGCCGTGTATTACTGTGCCAGAGA",64,1,318,0.125,0,NA,NA,NA,NA,NA,0.05,1,0.15,0.75
"IGHV4-30-4*07","Novel allele found!","IGHV4-30-4*07_G70A_G107A_C113A_G129C_A135C_A147C_T165C_C285T_G291A","70G>A,107G>A,113C>A,129G>C,135A>C,147A>C,165T>C,285C>T,291G>A","CAGGTGCAGCTGCAGGAGTCGGGCCCA...GGACTGGTGAAGCCTTCACAGACCCTGTCCCTCACCTGCACTGTCTCTGGTGGCTCCATCAGC......AGTGGTGATTACTACTGGAGCTGGATCCGCCAGCCCCCAGGGAAGGGCCTGGAGTGGATTGGGTACATCTATTACAGT.........GGGAGCACCTACTACAACCCGTCCCTCAAG...AGTCGAGTTACCATATCAGTAGACACGTCCAAGAACCAGTTCTCCCTGAAGCTGAGCTCTGTGACTGCCGCAGACACGGCCGTGTATTACTGTGCCAGAGA",151,6,150,189,0.366279069767442,516,1,9,18,415,"CAGGTGCAGCTGCAGGAGTCGGGCCCA...GGACTGGTGAAGCCTTCACAGACCCTGTCCCTCACCTGCGCTGTCTCTGGTGGCTCCATCAGC......AGTGGTGGTTACTCCTGGAGCTGGATCCGGCAGCCACCAGGGAAGGGACTGGAGTGGATTGGGTATATCTATTACAGT.........GGGAGCACCTACTACAACCCGTCCCTCAAG...AGTCGAGTTACCATATCAGTAGACACGTCCAAGAACCAGTTCTCCCTGAAGCTGAGCTCTGTGACCGCCGCGGACACGGCCGTGTATTACTGTGCCAGAGA",64,1,318,0.125,9,415,190,0.368217054263566,64,1,0.05,1,0.15,0.75
"IGHV4-30-4*07","Position(s) passed y-intercept (70,107,113,129,135,147,165,285,291) but no unmutated versions of novel allele found.",NA,NA,NA,NA,NA,NA,NA,NA,516,1,10,19,226,"CAGGTGCAGCTGCAGGAGTCGGGCCCA...GGACTGGTGAAGCCTTCACAGACCCTGTCCCTCACCTGCGCTGTCTCTGGTGGCTCCATCAGC......AGTGGTGGTTACTCCTGGAGCTGGATCCGGCAGCCACCAGGGAAGGGACTGGAGTGGATTGGGTATATCTATTACAGT.........GGGAGCACCTACTACAACCCGTCCCTCAAG...AGTCGAGTTACCATATCAGTAGACACGTCCAAGAACCAGTTCTCCCTGAAGCTGAGCTCTGTGACCGCCGCGGACACGGCCGTGTATTACTGTGCCAGAGA",64,1,318,0.125,9,226,0,0,0,NA,0.05,1,0.15,0.75
"IGHV4-30-4*01","No positions pass y-intercept test.",NA,NA,NA,NA,NA,NA,NA,NA,516,1,1,10,318,"CAGGTGCAGCTGCAGGAGTCGGGCCCA...GGACTGGTGAAGCCTTCACAGACCCTGTCCCTCACCTGCACTGTCTCTGGTGGCTCCATCAGC......AGTGGTGATTACTACTGGAGTTGGATCCGCCAGCCCCCAGGGAAGGGCCTGGAGTGGATTGGGTACATCTATTACAGT.........GGGAGCACCTACTACAACCCGTCCCTCAAG...AGTCGAGTTACCATATCAGTAGACACGTCCAAGAACCAGTTCTCCCTGAAGCTGAGCTCTGTGACTGCCGCAGACACGGCCGTGTATTACTGTGCCAGAGA",147,1,318,0.125,0,NA,NA,NA,NA,NA,0.05,1,0.15,0.75
"IGHV4-30-4*01","Position(s) passed y-intercept (120) but no unmutated versions of novel allele found.",NA,NA,NA,NA,NA,NA,NA,NA,516,1,10,19,100,"CAGGTGCAGCTGCAGGAGTCGGGCCCA...GGACTGGTGAAGCCTTCACAGACCCTGTCCCTCACCTGCACTGTCTCTGGTGGCTCCATCAGC......AGTGGTGATTACTACTGGAGTTGGATCCGCCAGCCCCCAGGGAAGGGCCTGGAGTGGATTGGGTACATCTATTACAGT.........GGGAGCACCTACTACAACCCGTCCCTCAAG...AGTCGAGTTACCATATCAGTAGACACGTCCAAGAACCAGTTCTCCCTGAAGCTGAGCTCTGTGACTGCCGCAGACACGGCCGTGTATTACTGTGCCAGAGA",147,1,318,0.125,1,99,0,0,0,NA,0.05,1,0.15,0.75
"IGHV4-30-4*08","Novel allele found!","IGHV4-30-4*08_C120T","120C>T","CAGGTGCAGCTGCAGGAGTCGGGCCCA...GGACTGGTGAAGCCTTCACAGACCCTGTCCCTCACCTGCACTGTCTCTGGTGGCTCCATCAGC......AGTGGTGATTACTACTGGAGTTGGATCCGCCAGCCCCCAGGGAAGGGCCTGGAGTGGATTGGGTACATCTATTACAGT.........GGGAGCACCTACTACAACCCGTCCCTCAAG...AGTCGAGTTACCATATCAGTAGACACGTCCAAGAACCAGTTCTCCCTGAAGCTGAGCTCTGTGACTGCCGCAGACACGGCCGTGTATTACTGTGCCAGAG",147,6,147,179,0.346899224806202,516,1,1,10,323,"CAGGTGCAGCTGCAGGAGTCGGGCCCA...GGACTGGTGAAGCCTTCACAGACCCTGTCCCTCACCTGCACTGTCTCTGGTGGCTCCATCAGC......AGTGGTGATTACTACTGGAGCTGGATCCGCCAGCCCCCAGGGAAGGGCCTGGAGTGGATTGGGTACATCTATTACAGT.........GGGAGCACCTACTACAACCCGTCCCTCAAG...AGTCGAGTTACCATATCAGTAGACACGTCCAAGAACCAGTTCTCCCTGAAGCTGAGCTCTGTGACTGCCGCAGACACGGCCGTGTATTACTGTGCCAGAG",151,1,318,0.125,1,205,179,0.346899224806202,59,1,0.05,1,0.15,0.75
"IGHV4-30-4*08","Novel allele found!","IGHV4-30-4*08_A70G_A107G_A113C_C129G_C135A_C147A_C165T_T285C_A291G","70A>G,107A>G,113A>C,129C>G,135C>A,147C>A,165C>T,285T>C,291A>G","CAGGTGCAGCTGCAGGAGTCGGGCCCA...GGACTGGTGAAGCCTTCACAGACCCTGTCCCTCACCTGCGCTGTCTCTGGTGGCTCCATCAGC......AGTGGTGGTTACTCCTGGAGCTGGATCCGGCAGCCACCAGGGAAGGGACTGGAGTGGATTGGGTATATCTATTACAGT.........GGGAGCACCTACTACAACCCGTCCCTCAAG...AGTCGAGTTACCATATCAGTAGACACGTCCAAGAACCAGTTCTCCCTGAAGCTGAGCTCTGTGACCGCCGCGGACACGGCCGTGTATTACTGTGCCAGAG",64,5,64,80,0.155038759689922,516,1,9,18,101,"CAGGTGCAGCTGCAGGAGTCGGGCCCA...GGACTGGTGAAGCCTTCACAGACCCTGTCCCTCACCTGCACTGTCTCTGGTGGCTCCATCAGC......AGTGGTGATTACTACTGGAGCTGGATCCGCCAGCCCCCAGGGAAGGGCCTGGAGTGGATTGGGTACATCTATTACAGT.........GGGAGCACCTACTACAACCCGTCCCTCAAG...AGTCGAGTTACCATATCAGTAGACACGTCCAAGAACCAGTTCTCCCTGAAGCTGAGCTCTGTGACTGCCGCAGACACGGCCGTGTATTACTGTGCCAGAG",151,1,318,0.125,9,97,80,0.155038759689922,35,1,0.05,1,0.15,0.75
"IGHV4-59*01","Novel allele found!","IGHV4-59*01_T288C","288T>C","CAGGTGCAGCTGCAGGAGTCGGGCCCA...GGACTGGTGAAGCCTTCGGAGACCCTGTCCCTCACCTGCACTGTCTCTGGTGGCTCCATC............AGTAGTTACTACTGGAGCTGGATCCGGCAGCCCCCAGGGAAGGGACTGGAGTGGATTGGGTATATCTATTACAGT.........GGGAGCACCAACTACAACCCCTCCCTCAAG...AGTCGAGTCACCATATCAGTAGACACGTCCAAGAACCAGTTCTCCCTGAAGCTGAGCTCTGTGACCGCCGCGGACACGGCCGTGTATTACTGTGCGAGAGA",141,5,141,175,0.200458190148912,873,1,1,10,298,"CAGGTGCAGCTGCAGGAGTCGGGCCCA...GGACTGGTGAAGCCTTCGGAGACCCTGTCCCTCACCTGCACTGTCTCTGGTGGCTCCATC............AGTAGTTACTACTGGAGCTGGATCCGGCAGCCCCCAGGGAAGGGACTGGAGTGGATTGGGTATATCTATTACAGT.........GGGAGCACCAACTACAACCCCTCCCTCAAG...AGTCGAGTCACCATATCAGTAGACACGTCCAAGAACCAGTTCTCCCTGAAGCTGAGCTCTGTGACCGCTGCGGACACGGCCGTGTATTACTGTGCGAGAGA",477,1,318,0.125,1,208,175,0.200458190148912,56,1,0.05,1,0.15,0.75
"IGHV4-59*12","Novel allele found!","IGHV4-59*12_C288T","288C>T","CAGGTGCAGCTGCAGGAGTCGGGCCCA...GGACTGGTGAAGCCTTCGGAGACCCTGTCCCTCACCTGCACTGTCTCTGGTGGCTCCATC............AGTAGTTACTACTGGAGCTGGATCCGGCAGCCCCCAGGGAAGGGACTGGAGTGGATTGGGTATATCTATTACAGT.........GGGAGCACCAACTACAACCCCTCCCTCAAG...AGTCGAGTCACCATATCAGTAGACACGTCCAAGAACCAGTTCTCCCTGAAGCTGAGCTCTGTGACCGCTGCGGACACGGCCGTGTATTACTGTGCGAGAGA",477,6,477,569,0.651775486827033,873,1,1,10,691,"CAGGTGCAGCTGCAGGAGTCGGGCCCA...GGACTGGTGAAGCCTTCGGAGACCCTGTCCCTCACCTGCACTGTCTCTGGTGGCTCCATC............AGTAGTTACTACTGGAGCTGGATCCGGCAGCCCCCAGGGAAGGGACTGGAGTGGATTGGGTATATCTATTACAGT.........GGGAGCACCAACTACAACCCCTCCCTCAAG...AGTCGAGTCACCATATCAGTAGACACGTCCAAGAACCAGTTCTCCCTGAAGCTGAGCTCTGTGACCGCCGCGGACACGGCCGTGTATTACTGTGCGAGAGA",141,1,318,0.125,1,658,569,0.651775486827033,84,1,0.05,1,0.15,0.75
"IGHV4-59*08","Novel allele found!","IGHV4-59*08_C288T_A291G","288C>T,291A>G","CAGGTGCAGCTGCAGGAGTCGGGCCCA...GGACTGGTGAAGCCTTCGGAGACCCTGTCCCTCACCTGCACTGTCTCTGGTGGCTCCATC............AGTAGTTACTACTGGAGCTGGATCCGGCAGCCCCCAGGGAAGGGACTGGAGTGGATTGGGTATATCTATTACAGT.........GGGAGCACCAACTACAACCCCTCCCTCAAG...AGTCGAGTCACCATATCAGTAGACACGTCCAAGAACCAGTTCTCCCTGAAGCTGAGCTCTGTGACCGCTGCGGACACGGCCGTGTATTACTGTGCGAGACA",477,6,477,569,0.651775486827033,873,1,1,10,865,"CAGGTGCAGCTGCAGGAGTCGGGCCCA...GGACTGGTGAAGCCTTCGGAGACCCTGTCCCTCACCTGCACTGTCTCTGGTGGCTCCATC............AGTAGTTACTACTGGAGCTGGATCCGGCAGCCCCCAGGGAAGGGACTGGAGTGGATTGGGTATATCTATTACAGT.........GGGAGCACCAACTACAACCCCTCCCTCAAG...AGTCGAGTCACCATATCAGTAGACACGTCCAAGAACCAGTTCTCCCTGAAGCTGAGCTCTGTGACCGCCGCAGACACGGCCGTGTATTACTGTGCGAGACA",0,1,318,0.125,2,865,744,0.852233676975945,140,2,0.05,1,0.15,0.75
"IGHV4-59*08","Novel allele found!","IGHV4-59*08_A291G","291A>G","CAGGTGCAGCTGCAGGAGTCGGGCCCA...GGACTGGTGAAGCCTTCGGAGACCCTGTCCCTCACCTGCACTGTCTCTGGTGGCTCCATC............AGTAGTTACTACTGGAGCTGGATCCGGCAGCCCCCAGGGAAGGGACTGGAGTGGATTGGGTATATCTATTACAGT.........GGGAGCACCAACTACAACCCCTCCCTCAAG...AGTCGAGTCACCATATCAGTAGACACGTCCAAGAACCAGTTCTCCCTGAAGCTGAGCTCTGTGACCGCCGCGGACACGGCCGTGTATTACTGTGCGAGACA",141,5,141,175,0.200458190148912,873,1,1,10,865,"CAGGTGCAGCTGCAGGAGTCGGGCCCA...GGACTGGTGAAGCCTTCGGAGACCCTGTCCCTCACCTGCACTGTCTCTGGTGGCTCCATC............AGTAGTTACTACTGGAGCTGGATCCGGCAGCCCCCAGGGAAGGGACTGGAGTGGATTGGGTATATCTATTACAGT.........GGGAGCACCAACTACAACCCCTCCCTCAAG...AGTCGAGTCACCATATCAGTAGACACGTCCAAGAACCAGTTCTCCCTGAAGCTGAGCTCTGTGACCGCCGCAGACACGGCCGTGTATTACTGTGCGAGACA",0,1,318,0.125,2,865,744,0.852233676975945,140,2,0.05,1,0.15,0.75
"IGHV4-59*08","Novel allele found!","IGHV4-59*08_C288T_A291G","288C>T,291A>G","CAGGTGCAGCTGCAGGAGTCGGGCCCA...GGACTGGTGAAGCCTTCGGAGACCCTGTCCCTCACCTGCACTGTCTCTGGTGGCTCCATC............AGTAGTTACTACTGGAGCTGGATCCGGCAGCCCCCAGGGAAGGGACTGGAGTGGATTGGGTATATCTATTACAGT.........GGGAGCACCAACTACAACCCCTCCCTCAAG...AGTCGAGTCACCATATCAGTAGACACGTCCAAGAACCAGTTCTCCCTGAAGCTGAGCTCTGTGACCGCTGCGGACACGGCCGTGTATTACTGTGCGAGACA",477,6,477,569,0.651775486827033,873,1,2,11,691,"CAGGTGCAGCTGCAGGAGTCGGGCCCA...GGACTGGTGAAGCCTTCGGAGACCCTGTCCCTCACCTGCACTGTCTCTGGTGGCTCCATC............AGTAGTTACTACTGGAGCTGGATCCGGCAGCCCCCAGGGAAGGGACTGGAGTGGATTGGGTATATCTATTACAGT.........GGGAGCACCAACTACAACCCCTCCCTCAAG...AGTCGAGTCACCATATCAGTAGACACGTCCAAGAACCAGTTCTCCCTGAAGCTGAGCTCTGTGACCGCCGCAGACACGGCCGTGTATTACTGTGCGAGACA",0,1,318,0.125,2,691,569,0.651775486827033,84,1,0.05,1,0.15,0.75
"IGHV4-59*11","Novel allele found!","IGHV4-59*11_C109T","109C>T","CAGGTGCAGCTGCAGGAGTCGGGCCCA...GGACTGGTGAAGCCTTCGGAGACCCTGTCCCTCACCTGCACTGTCTCTGGTGGCTCCATC............AGTAGTTACTACTGGAGCTGGATCCGGCAGCCCCCAGGGAAGGGACTGGAGTGGATTGGGTATATCTATTACAGT.........GGGAGCACCAACTACAACCCCTCCCTCAAG...AGTCGAGTCACCATATCAGTAGACACGTCCAAGAACCAGTTCTCCCTGAAGCTGAGCTCTGTGACCGCTGCGGACACGGCCGTGTATTACTGTGCGAGAGA",477,6,477,569,0.651775486827033,873,1,1,10,865,"CAGGTGCAGCTGCAGGAGTCGGGCCCA...GGACTGGTGAAGCCTTCGGAGACCCTGTCCCTCACCTGCACTGTCTCTGGTGGCTCCATC............AGTAGTCACTACTGGAGCTGGATCCGGCAGCCCCCAGGGAAGGGACTGGAGTGGATTGGGTATATCTATTACAGT.........GGGAGCACCAACTACAACCCCTCCCTCAAG...AGTCGAGTCACCATATCAGTAGACACGTCCAAGAACCAGTTCTCCCTGAAGCTGAGCTCTGTGACCGCTGCGGACACGGCCGTGTATTACTGTGCGAGAGA",0,1,318,0.125,1,865,569,0.651775486827033,84,1,0.05,1,0.15,0.75
"IGHV4-59*11","Novel allele found!","IGHV4-59*11_C109T_T288C","109C>T,288T>C","CAGGTGCAGCTGCAGGAGTCGGGCCCA...GGACTGGTGAAGCCTTCGGAGACCCTGTCCCTCACCTGCACTGTCTCTGGTGGCTCCATC............AGTAGTTACTACTGGAGCTGGATCCGGCAGCCCCCAGGGAAGGGACTGGAGTGGATTGGGTATATCTATTACAGT.........GGGAGCACCAACTACAACCCCTCCCTCAAG...AGTCGAGTCACCATATCAGTAGACACGTCCAAGAACCAGTTCTCCCTGAAGCTGAGCTCTGTGACCGCCGCGGACACGGCCGTGTATTACTGTGCGAGAGA",141,5,141,175,0.200458190148912,873,1,2,11,298,"CAGGTGCAGCTGCAGGAGTCGGGCCCA...GGACTGGTGAAGCCTTCGGAGACCCTGTCCCTCACCTGCACTGTCTCTGGTGGCTCCATC............AGTAGTCACTACTGGAGCTGGATCCGGCAGCCCCCAGGGAAGGGACTGGAGTGGATTGGGTATATCTATTACAGT.........GGGAGCACCAACTACAACCCCTCCCTCAAG...AGTCGAGTCACCATATCAGTAGACACGTCCAAGAACCAGTTCTCCCTGAAGCTGAGCTCTGTGACCGCTGCGGACACGGCCGTGTATTACTGTGCGAGAGA",0,1,318,0.125,2,298,175,0.200458190148912,56,1,0.05,1,0.15,0.75
"IGHV4-39*01","No positions pass y-intercept test.",NA,NA,NA,NA,NA,NA,NA,NA,1581,1,1,10,1060,"CAGCTGCAGCTGCAGGAGTCGGGCCCA...GGACTGGTGAAGCCTTCGGAGACCCTGTCCCTCACCTGCACTGTCTCTGGTGGCTCCATCAGC......AGTAGTAGTTACTACTGGGGCTGGATCCGCCAGCCCCCAGGGAAGGGGCTGGAGTGGATTGGGAGTATCTATTATAGT.........GGGAGCACCTACTACAACCCGTCCCTCAAG...AGTCGAGTCACCATATCCGTAGACACGTCCAAGAACCAGTTCTCCCTGAAGCTGAGCTCTGTGACCGCCGCAGACACGGCTGTGTATTACTGTGCGAGACA",389,1,318,0.125,0,NA,NA,NA,NA,NA,0.05,1,0.15,0.75
"IGHV4-39*01","Novel allele found!","IGHV4-39*01_C237A_A291G_T300C","237C>A,291A>G,300T>C","CAGCTGCAGCTGCAGGAGTCGGGCCCA...GGACTGGTGAAGCCTTCGGAGACCCTGTCCCTCACCTGCACTGTCTCTGGTGGCTCCATCAGC......AGTAGTAGTTACTACTGGGGCTGGATCCGCCAGCCCCCAGGGAAGGGGCTGGAGTGGATTGGGAGTATCTATTATAGT.........GGGAGCACCTACTACAACCCGTCCCTCAAG...AGTCGAGTCACCATATCAGTAGACACGTCCAAGAACCAGTTCTCCCTGAAGCTGAGCTCTGTGACCGCCGCGGACACGGCCGTGTATTACTGTGCGAGACA",662,6,661,824,0.521189120809614,1581,1,3,12,1001,"CAGCTGCAGCTGCAGGAGTCGGGCCCA...GGACTGGTGAAGCCTTCGGAGACCCTGTCCCTCACCTGCACTGTCTCTGGTGGCTCCATCAGC......AGTAGTAGTTACTACTGGGGCTGGATCCGCCAGCCCCCAGGGAAGGGGCTGGAGTGGATTGGGAGTATCTATTATAGT.........GGGAGCACCTACTACAACCCGTCCCTCAAG...AGTCGAGTCACCATATCCGTAGACACGTCCAAGAACCAGTTCTCCCTGAAGCTGAGCTCTGTGACCGCCGCAGACACGGCTGTGTATTACTGTGCGAGACA",389,1,318,0.125,3,974,824,0.521189120809614,99,1,0.05,1,0.15,0.75
"IGHV4-39*07","No positions pass y-intercept test.",NA,NA,NA,NA,NA,NA,NA,NA,1581,1,1,10,749,"CAGCTGCAGCTGCAGGAGTCGGGCCCA...GGACTGGTGAAGCCTTCGGAGACCCTGTCCCTCACCTGCACTGTCTCTGGTGGCTCCATCAGC......AGTAGTAGTTACTACTGGGGCTGGATCCGCCAGCCCCCAGGGAAGGGGCTGGAGTGGATTGGGAGTATCTATTATAGT.........GGGAGCACCTACTACAACCCGTCCCTCAAG...AGTCGAGTCACCATATCAGTAGACACGTCCAAGAACCAGTTCTCCCTGAAGCTGAGCTCTGTGACCGCCGCGGACACGGCCGTGTATTACTGTGCGAGAGA",662,1,318,0.125,0,NA,NA,NA,NA,NA,0.05,1,0.15,0.75
"IGHV4-39*07","Novel allele found!","IGHV4-39*07_A237C_G291A_C300T","237A>C,291G>A,300C>T","CAGCTGCAGCTGCAGGAGTCGGGCCCA...GGACTGGTGAAGCCTTCGGAGACCCTGTCCCTCACCTGCACTGTCTCTGGTGGCTCCATCAGC......AGTAGTAGTTACTACTGGGGCTGGATCCGCCAGCCCCCAGGGAAGGGGCTGGAGTGGATTGGGAGTATCTATTATAGT.........GGGAGCACCTACTACAACCCGTCCCTCAAG...AGTCGAGTCACCATATCCGTAGACACGTCCAAGAACCAGTTCTCCCTGAAGCTGAGCTCTGTGACCGCCGCAGACACGGCTGTGTATTACTGTGCGAGAGA",389,6,389,511,0.323213156230234,1581,1,3,12,643,"CAGCTGCAGCTGCAGGAGTCGGGCCCA...GGACTGGTGAAGCCTTCGGAGACCCTGTCCCTCACCTGCACTGTCTCTGGTGGCTCCATCAGC......AGTAGTAGTTACTACTGGGGCTGGATCCGCCAGCCCCCAGGGAAGGGGCTGGAGTGGATTGGGAGTATCTATTATAGT.........GGGAGCACCTACTACAACCCGTCCCTCAAG...AGTCGAGTCACCATATCAGTAGACACGTCCAAGAACCAGTTCTCCCTGAAGCTGAGCTCTGTGACCGCCGCGGACACGGCCGTGTATTACTGTGCGAGAGA",662,1,318,0.125,3,603,511,0.323213156230234,84,1,0.05,1,0.15,0.75
"IGHV4-39*02","Novel allele found!","IGHV4-39*02_C258G","258C>G","CAGCTGCAGCTGCAGGAGTCGGGCCCA...GGACTGGTGAAGCCTTCGGAGACCCTGTCCCTCACCTGCACTGTCTCTGGTGGCTCCATCAGC......AGTAGTAGTTACTACTGGGGCTGGATCCGCCAGCCCCCAGGGAAGGGGCTGGAGTGGATTGGGAGTATCTATTATAGT.........GGGAGCACCTACTACAACCCGTCCCTCAAG...AGTCGAGTCACCATATCCGTAGACACGTCCAAGAACCAGTTCTCCCTGAAGCTGAGCTCTGTGACCGCCGCAGACACGGCTGTGTATTACTGTGCGAGAGA",389,6,389,511,0.323213156230234,1581,1,1,10,1566,"CAGCTGCAGCTGCAGGAGTCGGGCCCA...GGACTGGTGAAGCCTTCGGAGACCCTGTCCCTCACCTGCACTGTCTCTGGTGGCTCCATCAGC......AGTAGTAGTTACTACTGGGGCTGGATCCGCCAGCCCCCAGGGAAGGGGCTGGAGTGGATTGGGAGTATCTATTATAGT.........GGGAGCACCTACTACAACCCGTCCCTCAAG...AGTCGAGTCACCATATCCGTAGACACGTCCAAGAACCACTTCTCCCTGAAGCTGAGCTCTGTGACCGCCGCAGACACGGCTGTGTATTACTGTGCGAGAGA",0,1,318,0.125,1,1566,511,0.323213156230234,84,1,0.05,1,0.15,0.75
"IGHV4-39*02","Novel allele found!","IGHV4-39*02_C237A_C258G_A291G_T300C","237C>A,258C>G,291A>G,300T>C","CAGCTGCAGCTGCAGGAGTCGGGCCCA...GGACTGGTGAAGCCTTCGGAGACCCTGTCCCTCACCTGCACTGTCTCTGGTGGCTCCATCAGC......AGTAGTAGTTACTACTGGGGCTGGATCCGCCAGCCCCCAGGGAAGGGGCTGGAGTGGATTGGGAGTATCTATTATAGT.........GGGAGCACCTACTACAACCCGTCCCTCAAG...AGTCGAGTCACCATATCAGTAGACACGTCCAAGAACCAGTTCTCCCTGAAGCTGAGCTCTGTGACCGCCGCGGACACGGCCGTGTATTACTGTGCGAGAGA",662,6,661,824,0.521189120809614,1581,1,4,13,1001,"CAGCTGCAGCTGCAGGAGTCGGGCCCA...GGACTGGTGAAGCCTTCGGAGACCCTGTCCCTCACCTGCACTGTCTCTGGTGGCTCCATCAGC......AGTAGTAGTTACTACTGGGGCTGGATCCGCCAGCCCCCAGGGAAGGGGCTGGAGTGGATTGGGAGTATCTATTATAGT.........GGGAGCACCTACTACAACCCGTCCCTCAAG...AGTCGAGTCACCATATCCGTAGACACGTCCAAGAACCACTTCTCCCTGAAGCTGAGCTCTGTGACCGCCGCAGACACGGCTGTGTATTACTGTGCGAGAGA",0,1,318,0.125,4,1001,824,0.521189120809614,99,1,0.05,1,0.15,0.75
"IGHV4-38-2*02","Novel allele found!","IGHV4-38-2*02_A70G","70A>G","CAGGTGCAGCTGCAGGAGTCGGGCCCA...GGACTGGTGAAGCCTTCGGAGACCCTGTCCCTCACCTGCGCTGTCTCTGGTTACTCCATCAGC.........AGTGGTTACTACTGGGGCTGGATCCGGCAGCCCCCAGGGAAGGGGCTGGAGTGGATTGGGAGTATCTATCATAGT.........GGGAGCACCTACTACAACCCGTCCCTCAAG...AGTCGAGTCACCATATCAGTAGACACGTCCAAGAACCAGTTCTCCCTGAAGCTGAGCTCTGTGACCGCCGCAGACACGGCCGTGTATTACTGTGCGAGAGA",523,6,522,695,0.842424242424242,825,1,1,10,817,"CAGGTGCAGCTGCAGGAGTCGGGCCCA...GGACTGGTGAAGCCTTCGGAGACCCTGTCCCTCACCTGCACTGTCTCTGGTTACTCCATCAGC.........AGTGGTTACTACTGGGGCTGGATCCGGCAGCCCCCAGGGAAGGGGCTGGAGTGGATTGGGAGTATCTATCATAGT.........GGGAGCACCTACTACAACCCGTCCCTCAAG...AGTCGAGTCACCATATCAGTAGACACGTCCAAGAACCAGTTCTCCCTGAAGCTGAGCTCTGTGACCGCCGCAGACACGGCCGTGTATTACTGTGCGAGAGA",0,1,318,0.125,1,815,695,0.842424242424242,89,1,0.05,1,0.15,0.75
"IGHV4-38-2*01","No positions pass y-intercept test.",NA,NA,NA,NA,NA,NA,NA,NA,825,1,1,10,124,"CAGGTGCAGCTGCAGGAGTCGGGCCCA...GGACTGGTGAAGCCTTCGGAGACCCTGTCCCTCACCTGCGCTGTCTCTGGTTACTCCATCAGC.........AGTGGTTACTACTGGGGCTGGATCCGGCAGCCCCCAGGGAAGGGGCTGGAGTGGATTGGGAGTATCTATCATAGT.........GGGAGCACCTACTACAACCCGTCCCTCAAG...AGTCGAGTCACCATATCAGTAGACACGTCCAAGAACCAGTTCTCCCTGAAGCTGAGCTCTGTGACCGCCGCAGACACGGCCGTGTATTACTGTGCGAGA",523,1,318,0.125,0,NA,NA,NA,NA,NA,0.05,1,0.15,0.75
"IGHV4-28*01","No positions pass y-intercept test.",NA,NA,NA,NA,NA,NA,NA,NA,2,1,1,10,1,"CAGGTGCAGCTGCAGGAGTCGGGCCCA...GGACTGGTGAAGCCTTCGGACACCCTGTCCCTCACCTGCGCTGTCTCTGGTTACTCCATCAGC.........AGTAGTAACTGGTGGGGCTGGATCCGGCAGCCCCCAGGGAAGGGACTGGAGTGGATTGGGTACATCTATTATAGT.........GGGAGCACCTACTACAACCCGTCCCTCAAG...AGTCGAGTCACCATGTCAGTAGACACGTCCAAGAACCAGTTCTCCCTGAAGCTGAGCTCTGTGACCGCCGTGGACACGGCCGTGTATTACTGTGCGAGAAA",1,1,318,0.125,0,NA,NA,NA,NA,NA,0.05,1,0.15,0.75
"IGHV4-28*07","No positions pass y-intercept test.",NA,NA,NA,NA,NA,NA,NA,NA,2,1,1,10,1,"CAGGTACAGCTGCAGGAGTCGGGCCCA...GGACTGGTGAAGCCTTCGGACACCCTGTCCCTCACCTGCGCTGTCTCTGGTTACTCCATCAGC.........AGTAGTAACTGGTGGGGCTGGATCCGGCAGCCCCCAGGGAAGGGACTGGAGTGGATTGGGTACATCTATTATAGT.........GGGAGCACCTACTACAACCCGTCCCTCAAG...AGTCGAGTCACCATGTCAGTAGACACGTCCAAGAACCAGTTCTCCCTGAAGCTGAGCTCTGTGACCGCCGTGGACACGGCCGTGTATTACTGTGCGAGAAA",1,1,318,0.125,0,NA,NA,NA,NA,NA,0.05,1,0.15,0.75
"IGHV1-3*01","No positions pass y-intercept test.",NA,NA,NA,NA,NA,NA,NA,NA,217,1,1,10,30,"CAGGTCCAGCTTGTGCAGTCTGGGGCT...GAGGTGAAGAAGCCTGGGGCCTCAGTGAAGGTTTCCTGCAAGGCTTCTGGATACACCTTC............ACTAGCTATGCTATGCATTGGGTGCGCCAGGCCCCCGGACAAAGGCTTGAGTGGATGGGATGGATCAACGCTGGC......AATGGTAACACAAAATATTCACAGAAGTTCCAG...GGCAGAGTCACCATTACCAGGGACACATCCGCGAGCACAGCCTACATGGAGCTGAGCAGCCTGAGATCTGAAGACACGGCTGTGTATTACTGTGCGAGAGA",151,1,318,0.125,0,NA,NA,NA,NA,NA,0.05,1,0.15,0.75
"IGHV1-3*04","Novel allele found!","IGHV1-3*04_A172G","172A>G","CAGGTCCAGCTTGTGCAGTCTGGGGCT...GAGGTGAAGAAGCCTGGGGCCTCAGTGAAGGTTTCCTGCAAGGCTTCTGGATACACCTTC............ACTAGCTATGCTATGCATTGGGTGCGCCAGGCCCCCGGACAAAGGCTTGAGTGGATGGGATGGATCAACGCTGGC......AATGGTAACACAAAATATTCACAGAAGTTCCAG...GGCAGAGTCACCATTACCAGGGACACATCCGCGAGCACAGCCTACATGGAGCTGAGCAGCCTGAGATCTGAAGACACGGCTGTGTATTACTGTGCGAGAG",151,6,150,185,0.852534562211982,217,1,1,10,214,"CAGGTCCAGCTTGTGCAGTCTGGGGCT...GAGGTGAAGAAGCCTGGGGCCTCAGTGAAGGTTTCCTGCAAGGCTTCTGGATACACCTTC............ACTAGCTATGCTATGCATTGGGTGCGCCAGGCCCCCGGACAAAGGCTTGAGTGGATGGGATGGATCAACACTGGC......AATGGTAACACAAAATATTCACAGAAGTTCCAG...GGCAGAGTCACCATTACCAGGGACACATCCGCGAGCACAGCCTACATGGAGCTGAGCAGCCTGAGATCTGAAGACACGGCTGTGTATTACTGTGCGAGAG",1,1,318,0.125,1,214,185,0.852534562211982,60,1,0.05,1,0.15,0.75
"IGHV1-3*02","Novel allele found!","IGHV1-3*02_T6C_G12T_G167T_G208A_G291A_T296C","6T>C,12G>T,167G>T,208G>A,291G>A,296T>C","CAGGTCCAGCTTGTGCAGTCTGGGGCT...GAGGTGAAGAAGCCTGGGGCCTCAGTGAAGGTTTCCTGCAAGGCTTCTGGATACACCTTC............ACTAGCTATGCTATGCATTGGGTGCGCCAGGCCCCCGGACAAAGGCTTGAGTGGATGGGATGGATCAACGCTGGC......AATGGTAACACAAAATATTCACAGAAGTTCCAG...GGCAGAGTCACCATTACCAGGGACACATCCGCGAGCACAGCCTACATGGAGCTGAGCAGCCTGAGATCTGAAGACACGGCTGTGTATTACTGTGCGAGAGA",151,6,150,185,0.852534562211982,217,1,1,10,211,"CAGGTTCAGCTGGTGCAGTCTGGGGCT...GAGGTGAAGAAGCCTGGGGCCTCAGTGAAGGTTTCCTGCAAGGCTTCTGGATACACCTTC............ACTAGCTATGCTATGCATTGGGTGCGCCAGGCCCCCGGACAAAGGCTTGAGTGGATGGGATGGAGCAACGCTGGC......AATGGTAACACAAAATATTCACAGGAGTTCCAG...GGCAGAGTCACCATTACCAGGGACACATCCGCGAGCACAGCCTACATGGAGCTGAGCAGCCTGAGATCTGAGGACATGGCTGTGTATTACTGTGCGAGAGA",1,1,318,0.125,6,211,185,0.852534562211982,60,1,0.05,1,0.15,0.75
"IGHV1-3*02","Novel allele found!","IGHV1-3*02_T6C_G12T_G167T_G208A_G291A_T296C","6T>C,12G>T,167G>T,208G>A,291G>A,296T>C","CAGGTCCAGCTTGTGCAGTCTGGGGCT...GAGGTGAAGAAGCCTGGGGCCTCAGTGAAGGTTTCCTGCAAGGCTTCTGGATACACCTTC............ACTAGCTATGCTATGCATTGGGTGCGCCAGGCCCCCGGACAAAGGCTTGAGTGGATGGGATGGATCAACGCTGGC......AATGGTAACACAAAATATTCACAGAAGTTCCAG...GGCAGAGTCACCATTACCAGGGACACATCCGCGAGCACAGCCTACATGGAGCTGAGCAGCCTGAGATCTGAAGACACGGCTGTGTATTACTGTGCGAGAGA",151,6,150,185,0.852534562211982,217,1,6,15,214,"CAGGTTCAGCTGGTGCAGTCTGGGGCT...GAGGTGAAGAAGCCTGGGGCCTCAGTGAAGGTTTCCTGCAAGGCTTCTGGATACACCTTC............ACTAGCTATGCTATGCATTGGGTGCGCCAGGCCCCCGGACAAAGGCTTGAGTGGATGGGATGGAGCAACGCTGGC......AATGGTAACACAAAATATTCACAGGAGTTCCAG...GGCAGAGTCACCATTACCAGGGACACATCCGCGAGCACAGCCTACATGGAGCTGAGCAGCCTGAGATCTGAGGACATGGCTGTGTATTACTGTGCGAGAGA",1,1,318,0.125,6,214,185,0.852534562211982,60,1,0.05,1,0.15,0.75
"IGHV1-69*08","Novel allele found!","IGHV1-69*08_C191T","191C>T","CAGGTCCAGCTGGTGCAATCTGGGGCT...GAGGTGAAGAAGCCTGGGTCCTCGGTGAAGGTCTCCTGCAAGGCTTCTGGAGGCACCTTC............AGCAGCTATACTATCAGCTGGGTGCGACAGGCCCCTGGACAAGGGCTTGAGTGGATGGGAAGGATCATCCCTATC......CTTGGTATAGCAAACTACGCACAGAAGTTCCAG...GGCAGAGTCACGATTACCGCGGACAAATCCACGAGCACAGCCTACATGGAGCTGAGCAGCCTGAGATCTGAGGACACGGCCGTGTATTACTGTGCGAGAGA",253,6,253,361,0.930412371134021,388,1,1,10,388,"CAGGTCCAGCTGGTGCAATCTGGGGCT...GAGGTGAAGAAGCCTGGGTCCTCGGTGAAGGTCTCCTGCAAGGCTTCTGGAGGCACCTTC............AGCAGCTATACTATCAGCTGGGTGCGACAGGCCCCTGGACAAGGGCTTGAGTGGATGGGAAGGATCATCCCTATC......CTTGGTACAGCAAACTACGCACAGAAGTTCCAG...GGCAGAGTCACGATTACCGCGGACAAATCCACGAGCACAGCCTACATGGAGCTGAGCAGCCTGAGATCTGAGGACACGGCCGTGTATTACTGTGCGAGAGA",0,1,318,0.125,1,387,361,0.930412371134021,69,1,0.05,1,0.15,0.75
"IGHV1-69*02","No positions pass y-intercept test.",NA,NA,NA,NA,NA,NA,NA,NA,388,1,1,10,27,"CAGGTCCAGCTGGTGCAATCTGGGGCT...GAGGTGAAGAAGCCTGGGTCCTCGGTGAAGGTCTCCTGCAAGGCTTCTGGAGGCACCTTC............AGCAGCTATACTATCAGCTGGGTGCGACAGGCCCCTGGACAAGGGCTTGAGTGGATGGGAAGGATCATCCCTATC......CTTGGTATAGCAAACTACGCACAGAAGTTCCAG...GGCAGAGTCACGATTACCGCGGACAAATCCACGAGCACAGCCTACATGGAGCTGAGCAGCCTGAGATCTGAGGACACGGCCGTGTATTACTGTGCGAGA",253,1,318,0.125,0,NA,NA,NA,NA,NA,0.05,1,0.15,0.75
"IGHV1-24*01","No positions pass y-intercept test.",NA,NA,NA,NA,NA,NA,NA,NA,180,1,1,10,20,"CAGGTCCAGCTGGTACAGTCTGGGGCT...GAGGTGAAGAAGCCTGGGGCCTCAGTGAAGGTCTCCTGCAAGGTTTCCGGATACACCCTC............ACTGAATTATCCATGCACTGGGTGCGACAGGCTCCTGGAAAAGGGCTTGAGTGGATGGGAGGTTTTGATCCTGAA......GATGGTGAAACAATCTACGCACAGAAGTTCCAG...GGCAGAGTCACCATGACCGAGGACACATCTACAGACACAGCCTACATGGAGCTGAGCAGCCTGAGATCTGAGGACACGGCCGTGTATTACTGTGCAACAGA",108,1,318,0.125,0,NA,NA,NA,NA,NA,0.05,1,0.15,0.75
"IGHV2-26*01","No positions pass y-intercept test.",NA,NA,NA,NA,NA,NA,NA,NA,281,1,1,10,30,"CAGGTCACCTTGAAGGAGTCTGGTCCT...GTGCTGGTGAAACCCACAGAGACCCTCACGCTGACCTGCACCGTCTCTGGGTTCTCACTCAGC......AATGCTAGAATGGGTGTGAGCTGGATCCGTCAGCCCCCAGGGAAGGCCCTGGAGTGGCTTGCACACATTTTTTCGAAT.........GACGAAAAATCCTACAGCACATCTCTGAAG...AGCAGGCTCACCATCTCCAAGGACACCTCCAAAAGCCAGGTGGTCCTTACCATGACCAACATGGACCCTGTGGACACAGCCACATATTACTGTGCACGGATAC",241,1,318,0.125,0,NA,NA,NA,NA,NA,0.05,1,0.15,0.75
"IGHV2-26*04","Novel allele found!","IGHV2-26*04_T279C_T316C","279T>C,316T>C","CAGGTCACCTTGAAGGAGTCTGGTCCT...GTGCTGGTGAAACCCACAGAGACCCTCACGCTGACCTGCACCGTCTCTGGGTTCTCACTCAGC......AATGCTAGAATGGGTGTGAGCTGGATCCGTCAGCCCCCAGGGAAGGCCCTGGAGTGGCTTGCACACATTTTTTCGAAT.........GACGAAAAATCCTACAGCACATCTCTGAAG...AGCAGGCTCACCATCTCCAAGGACACCTCCAAAAGCCAGGTGGTCCTTACCATGACCAACATGGACCCTGTGGACACAGCCACATATTACTGTGCACGGATAC",241,6,241,246,0.875444839857651,281,1,1,10,280,"CAGGTCACCTTGAAGGAGTCTGGTCCT...GTGCTGGTGAAACCCACAGAGACCCTCACGCTGACCTGCACCGTCTCTGGGTTCTCACTCAGC......AATGCTAGAATGGGTGTGAGCTGGATCCGTCAGCCCCCAGGGAAGGCCCTGGAGTGGCTTGCACACATTTTTTCGAAT.........GACGAAAAATCCTACAGCACATCTCTGAAG...AGCAGGCTCACCATCTCCAAGGACACCTCCAAAAGCCAGGTGGTCCTTACCATGACCAATATGGACCCTGTGGACACAGCCACATATTACTGTGCATGGATAC",0,1,318,0.125,2,275,246,0.875444839857651,69,1,0.05,1,0.15,0.75
"IGHV2-26*02","Novel allele found!","IGHV2-26*02_T279C","279T>C","CAGGTCACCTTGAAGGAGTCTGGTCCT...GTGCTGGTGAAACCCACAGAGACCCTCACGCTGACCTGCACCGTCTCTGGGTTCTCACTCAGC......AATGCTAGAATGGGTGTGAGCTGGATCCGTCAGCCCCCAGGGAAGGCCCTGGAGTGGCTTGCACACATTTTTTCGAAT.........GACGAAAAATCCTACAGCACATCTCTGAAG...AGCAGGCTCACCATCTCCAAGGACACCTCCAAAAGCCAGGTGGTCCTTACCATGACCAACATGGACCCTGTGGACACAGCCACATATTACTGTGCACGGATAC",241,6,241,251,0.893238434163701,281,1,1,10,280,"CAGGTCACCTTGAAGGAGTCTGGTCCT...GTGCTGGTGAAACCCACAGAGACCCTCACGCTGACCTGCACCGTCTCTGGGTTCTCACTCAGC......AATGCTAGAATGGGTGTGAGCTGGATCCGTCAGCCCCCAGGGAAGGCCCTGGAGTGGCTTGCACACATTTTTTCGAAT.........GACGAAAAATCCTACAGCACATCTCTGAAG...AGCAGGCTCACCATCTCCAAGGACACCTCCAAAAGCCAGGTGGTCCTTACCATGACCAATATGGACCCTGTGGACACAGCCACATATTACTGTGCACGGATAC",0,1,318,0.125,1,279,251,0.893238434163701,70,1,0.05,1,0.15,0.75
"IGHV2-70*01","No positions pass y-intercept test.",NA,NA,NA,NA,NA,NA,NA,NA,60,1,1,10,6,"CAGGTCACCTTGAGGGAGTCTGGTCCT...GCGCTGGTGAAACCCACACAGACCCTCACACTGACCTGCACCTTCTCTGGGTTCTCACTCAGC......ACTAGTGGAATGTGTGTGAGCTGGATCCGTCAGCCCCCAGGGAAGGCCCTGGAGTGGCTTGCACTCATTGATTGGGAT.........GATGATAAATACTACAGCACATCTCTGAAG...ACCAGGCTCACCATCTCCAAGGACACCTCCAAAAACCAGGTGGTCCTTACAATGACCAACATGGACCCTGTGGACACAGCCACGTATTACTGTGCACGGATAC",51,1,318,0.125,0,NA,NA,NA,NA,NA,0.05,1,0.15,0.75
"IGHV1-18*04","Novel allele found!","IGHV1-18*04_C111T","111C>T","CAGGTTCAGCTGGTGCAGTCTGGAGCT...GAGGTGAAGAAGCCTGGGGCCTCAGTGAAGGTCTCCTGCAAGGCTTCTGGTTACACCTTT............ACCAGCTATGGTATCAGCTGGGTGCGACAGGCCCCTGGACAAGGGCTTGAGTGGATGGGATGGATCAGCGCTTAC......AATGGTAACACAAACTATGCACAGAAGCTCCAG...GGCAGAGTCACCATGACCACAGACACATCCACGAGCACAGCCTACATGGAGCTGAGGAGCCTGAGATCTGACGACACGGCCGTGTATTACTGTGCGAGAGA",253,6,253,288,0.393980848153215,731,1,1,10,387,"CAGGTTCAGCTGGTGCAGTCTGGAGCT...GAGGTGAAGAAGCCTGGGGCCTCAGTGAAGGTCTCCTGCAAGGCTTCTGGTTACACCTTT............ACCAGCTACGGTATCAGCTGGGTGCGACAGGCCCCTGGACAAGGGCTTGAGTGGATGGGATGGATCAGCGCTTAC......AATGGTAACACAAACTATGCACAGAAGCTCCAG...GGCAGAGTCACCATGACCACAGACACATCCACGAGCACAGCCTACATGGAGCTGAGGAGCCTGAGATCTGACGACACGGCCGTGTATTACTGTGCGAGAGA",291,1,318,0.125,1,330,288,0.393980848153215,72,1,0.05,1,0.15,0.75
"IGHV1-18*01","Novel allele found!","IGHV1-18*01_T111C","111T>C","CAGGTTCAGCTGGTGCAGTCTGGAGCT...GAGGTGAAGAAGCCTGGGGCCTCAGTGAAGGTCTCCTGCAAGGCTTCTGGTTACACCTTT............ACCAGCTACGGTATCAGCTGGGTGCGACAGGCCCCTGGACAAGGGCTTGAGTGGATGGGATGGATCAGCGCTTAC......AATGGTAACACAAACTATGCACAGAAGCTCCAG...GGCAGAGTCACCATGACCACAGACACATCCACGAGCACAGCCTACATGGAGCTGAGGAGCCTGAGATCTGACGACACGGCCGTGTATTACTGTGCGAGAGA",291,6,290,340,0.465116279069767,731,1,1,10,439,"CAGGTTCAGCTGGTGCAGTCTGGAGCT...GAGGTGAAGAAGCCTGGGGCCTCAGTGAAGGTCTCCTGCAAGGCTTCTGGTTACACCTTT............ACCAGCTATGGTATCAGCTGGGTGCGACAGGCCCCTGGACAAGGGCTTGAGTGGATGGGATGGATCAGCGCTTAC......AATGGTAACACAAACTATGCACAGAAGCTCCAG...GGCAGAGTCACCATGACCACAGACACATCCACGAGCACAGCCTACATGGAGCTGAGGAGCCTGAGATCTGACGACACGGCCGTGTATTACTGTGCGAGAGA",253,1,318,0.125,1,397,340,0.465116279069767,72,1,0.05,1,0.15,0.75
"IGHV6-1*01","No positions pass y-intercept test.",NA,NA,NA,NA,NA,NA,NA,NA,155,1,1,10,36,"CAGGTACAGCTGCAGCAGTCAGGTCCA...GGACTGGTGAAGCCCTCGCAGACCCTCTCACTCACCTGTGCCATCTCCGGGGACAGTGTCTCT......AGCAACAGTGCTGCTTGGAACTGGATCAGGCAGTCCCCATCGAGAGGCCTTGAGTGGCTGGGAAGGACATACTACAGGTCC...AAGTGGTATAATGATTATGCAGTATCTGTGAAA...AGTCGAATAACCATCAACCCAGACACATCCAAGAACCAGTTCTCCCTGCAGCTGAACTCTGTGACTCCCGAGGACACGGCTGTGTATTACTGTGCAAGAGA",103,1,318,0.125,0,NA,NA,NA,NA,NA,0.05,1,0.15,0.75
"IGHV4-30-2*01","No positions pass y-intercept test.",NA,NA,NA,NA,NA,NA,NA,NA,250,1,1,10,39,"CAGCTGCAGCTGCAGGAGTCCGGCTCA...GGACTGGTGAAGCCTTCACAGACCCTGTCCCTCACCTGCGCTGTCTCTGGTGGCTCCATCAGC......AGTGGTGGTTACTCCTGGAGCTGGATCCGGCAGCCACCAGGGAAGGGCCTGGAGTGGATTGGGTACATCTATCATAGT.........GGGAGCACCTACTACAACCCGTCCCTCAAG...AGTCGAGTCACCATATCAGTAGACAGGTCCAAGAACCAGTTCTCCCTGAAGCTGAGCTCTGTGACCGCCGCGGACACGGCCGTGTATTACTGTGCCAGAGA",161,1,318,0.125,0,NA,NA,NA,NA,NA,0.05,1,0.15,0.75
"IGHV2-5*02","No positions pass y-intercept test.",NA,NA,NA,NA,NA,NA,NA,NA,447,1,1,10,273,"CAGATCACCTTGAAGGAGTCTGGTCCT...ACGCTGGTGAAACCCACACAGACCCTCACGCTGACCTGCACCTTCTCTGGGTTCTCACTCAGC......ACTAGTGGAGTGGGTGTGGGCTGGATCCGTCAGCCCCCAGGAAAGGCCCTGGAGTGGCTTGCACTCATTTATTGGGAT.........GATGATAAGCGCTACAGCCCATCTCTGAAG...AGCAGGCTCACCATCACCAAGGACACCTCCAAAAACCAGGTGGTCCTTACAATGACCAACATGGACCCTGTGGACACAGCCACATATTACTGTGCACACAGAC",146,1,318,0.125,0,NA,NA,NA,NA,NA,0.05,1,0.15,0.75
"IGHV2-5*01","Novel allele found!","IGHV2-5*01_A175G","175A>G","CAGATCACCTTGAAGGAGTCTGGTCCT...ACGCTGGTGAAACCCACACAGACCCTCACGCTGACCTGCACCTTCTCTGGGTTCTCACTCAGC......ACTAGTGGAGTGGGTGTGGGCTGGATCCGTCAGCCCCCAGGAAAGGCCCTGGAGTGGCTTGCACTCATTTATTGGGAT.........GATGATAAGCGCTACAGCCCATCTCTGAAG...AGCAGGCTCACCATCACCAAGGACACCTCCAAAAACCAGGTGGTCCTTACAATGACCAACATGGACCCTGTGGACACAGCCACATATTACTGTGCACACAGAC",146,6,145,170,0.380313199105145,447,1,1,10,237,"CAGATCACCTTGAAGGAGTCTGGTCCT...ACGCTGGTGAAACCCACACAGACCCTCACGCTGACCTGCACCTTCTCTGGGTTCTCACTCAGC......ACTAGTGGAGTGGGTGTGGGCTGGATCCGTCAGCCCCCAGGAAAGGCCCTGGAGTGGCTTGCACTCATTTATTGGAAT.........GATGATAAGCGCTACAGCCCATCTCTGAAG...AGCAGGCTCACCATCACCAAGGACACCTCCAAAAACCAGGTGGTCCTTACAATGACCAACATGGACCCTGTGGACACAGCCACATATTACTGTGCACACAGAC",187,1,318,0.125,1,206,170,0.380313199105145,57,1,0.05,1,0.15,0.75
"IGHV1-45*02","Insufficient sequences (0) in desired mutational range.",NA,NA,NA,NA,NA,NA,NA,NA,5,1,1,10,0,"CAGATGCAGCTGGTGCAGTCTGGGGCT...GAGGTGAAGAAGACTGGGTCCTCAGTGAAGGTTTCCTGCAAGGCTTCCGGATACACCTTC............ACCTACCGCTACCTGCACTGGGTGCGACAGGCCCCCGGACAAGCGCTTGAGTGGATGGGATGGATCACACCTTTC......AATGGTAACACCAACTACGCACAGAAATTCCAG...GACAGAGTCACCATTACCAGGGACAGGTCTATGAGCACAGCCTACATGGAGCTGAGCAGCCTGAGATCTGAGGACACAGCCATGTATTACTGTGCAAGATA",2,1,318,0.125,NA,NA,NA,NA,NA,NA,0.05,1,0.15,0.75
"IGHV1-58*02","No positions pass y-intercept test.",NA,NA,NA,NA,NA,NA,NA,NA,42,1,1,10,8,"CAAATGCAGCTGGTGCAGTCTGGGCCT...GAGGTGAAGAAGCCTGGGACCTCAGTGAAGGTCTCCTGCAAGGCTTCTGGATTCACCTTT............ACTAGCTCTGCTATGCAGTGGGTGCGACAGGCTCGTGGACAACGCCTTGAGTGGATAGGATGGATCGTCGTTGGC......AGTGGTAACACAAACTACGCACAGAAGTTCCAG...GAAAGAGTCACCATTACCAGGGACATGTCCACAAGCACAGCCTACATGGAGCTGAGCAGCCTGAGATCCGAGGACACGGCCGTGTATTACTGTGCGGCAGA",24,1,318,0.125,0,NA,NA,NA,NA,NA,0.05,1,0.15,0.75
"IGHV3-7*01","Novel allele found!","IGHV3-7*01_T300C","300T>C","GAGGTGCAGCTGGTGGAGTCTGGGGGA...GGCTTGGTCCAGCCTGGGGGGTCCCTGAGACTCTCCTGTGCAGCCTCTGGATTCACCTTT............AGTAGCTATTGGATGAGCTGGGTCCGCCAGGCTCCAGGGAAGGGGCTGGAGTGGGTGGCCAACATAAAGCAAGAT......GGAAGTGAGAAATACTATGTGGACTCTGTGAAG...GGCCGATTCACCATCTCCAGAGACAACGCCAAGAACTCACTGTATCTGCAAATGAACAGCCTGAGAGCCGAGGACACGGCCGTGTATTACTGTGCGAGAGA",98,6,98,111,0.355769230769231,312,1,1,10,168,"GAGGTGCAGCTGGTGGAGTCTGGGGGA...GGCTTGGTCCAGCCTGGGGGGTCCCTGAGACTCTCCTGTGCAGCCTCTGGATTCACCTTT............AGTAGCTATTGGATGAGCTGGGTCCGCCAGGCTCCAGGGAAGGGGCTGGAGTGGGTGGCCAACATAAAGCAAGAT......GGAAGTGAGAAATACTATGTGGACTCTGTGAAG...GGCCGATTCACCATCTCCAGAGACAACGCCAAGAACTCACTGTATCTGCAAATGAACAGCCTGAGAGCCGAGGACACGGCTGTGTATTACTGTGCGAGAGA",115,1,318,0.125,1,139,111,0.355769230769231,41,1,0.05,1,0.15,0.75
"IGHV3-7*03","Novel allele found!","IGHV3-7*03_C300T","300C>T","GAGGTGCAGCTGGTGGAGTCTGGGGGA...GGCTTGGTCCAGCCTGGGGGGTCCCTGAGACTCTCCTGTGCAGCCTCTGGATTCACCTTT............AGTAGCTATTGGATGAGCTGGGTCCGCCAGGCTCCAGGGAAGGGGCTGGAGTGGGTGGCCAACATAAAGCAAGAT......GGAAGTGAGAAATACTATGTGGACTCTGTGAAG...GGCCGATTCACCATCTCCAGAGACAACGCCAAGAACTCACTGTATCTGCAAATGAACAGCCTGAGAGCCGAGGACACGGCTGTGTATTACTGTGCGAGAGA",115,5,115,139,0.445512820512821,312,1,1,10,195,"GAGGTGCAGCTGGTGGAGTCTGGGGGA...GGCTTGGTCCAGCCTGGGGGGTCCCTGAGACTCTCCTGTGCAGCCTCTGGATTCACCTTT............AGTAGCTATTGGATGAGCTGGGTCCGCCAGGCTCCAGGGAAGGGGCTGGAGTGGGTGGCCAACATAAAGCAAGAT......GGAAGTGAGAAATACTATGTGGACTCTGTGAAG...GGCCGATTCACCATCTCCAGAGACAACGCCAAGAACTCACTGTATCTGCAAATGAACAGCCTGAGAGCCGAGGACACGGCCGTGTATTACTGTGCGAGAGA",98,1,318,0.125,1,167,139,0.445512820512821,50,1,0.05,1,0.15,0.75
"IGHV3-7*05","Novel allele found!","IGHV3-7*05_A144G","144A>G","GAGGTGCAGCTGGTGGAGTCTGGGGGA...GGCTTGGTCCAGCCTGGGGGGTCCCTGAGACTCTCCTGTGCAGCCTCTGGATTCACCTTT............AGTAGCTATTGGATGAGCTGGGTCCGCCAGGCTCCAGGGAAGGGGCTGGAGTGGGTGGCCAACATAAAGCAAGAT......GGAAGTGAGAAATACTATGTGGACTCTGTGAAG...GGCCGATTCACCATCTCCAGAGACAACGCCAAGAACTCACTGTATCTGCAAATGAACAGCCTGAGAGCCGAGGACACGGCCGTGTATTACTGTGCGAGAGA",98,6,98,111,0.355769230769231,312,1,1,10,305,"GAGGTGCAGCTGGTGGAGTCTGGGGGA...GGCTTGGTCCAGCCTGGGGGGTCCCTGAGACTCTCCTGTGCAGCCTCTGGATTCACCTTT............AGTAGCTATTGGATGAGCTGGGTCCGCCAGGCTCCAGGGAAAGGGCTGGAGTGGGTGGCCAACATAAAGCAAGAT......GGAAGTGAGAAATACTATGTGGACTCTGTGAAG...GGCCGATTCACCATCTCCAGAGACAACGCCAAGAACTCACTGTATCTGCAAATGAACAGCCTGAGAGCCGAGGACACGGCCGTGTATTACTGTGCGAGAGA",0,1,318,0.125,1,304,111,0.355769230769231,41,1,0.05,1,0.15,0.75
"IGHV3-7*05","Novel allele found!","IGHV3-7*05_A144G_C300T","144A>G,300C>T","GAGGTGCAGCTGGTGGAGTCTGGGGGA...GGCTTGGTCCAGCCTGGGGGGTCCCTGAGACTCTCCTGTGCAGCCTCTGGATTCACCTTT............AGTAGCTATTGGATGAGCTGGGTCCGCCAGGCTCCAGGGAAGGGGCTGGAGTGGGTGGCCAACATAAAGCAAGAT......GGAAGTGAGAAATACTATGTGGACTCTGTGAAG...GGCCGATTCACCATCTCCAGAGACAACGCCAAGAACTCACTGTATCTGCAAATGAACAGCCTGAGAGCCGAGGACACGGCTGTGTATTACTGTGCGAGAGA",115,5,115,139,0.445512820512821,312,1,2,11,194,"GAGGTGCAGCTGGTGGAGTCTGGGGGA...GGCTTGGTCCAGCCTGGGGGGTCCCTGAGACTCTCCTGTGCAGCCTCTGGATTCACCTTT............AGTAGCTATTGGATGAGCTGGGTCCGCCAGGCTCCAGGGAAAGGGCTGGAGTGGGTGGCCAACATAAAGCAAGAT......GGAAGTGAGAAATACTATGTGGACTCTGTGAAG...GGCCGATTCACCATCTCCAGAGACAACGCCAAGAACTCACTGTATCTGCAAATGAACAGCCTGAGAGCCGAGGACACGGCCGTGTATTACTGTGCGAGAGA",0,1,318,0.125,2,194,139,0.445512820512821,50,1,0.05,1,0.15,0.75
"IGHV3-7*04","Novel allele found!","IGHV3-7*04_A144G_G318A","144A>G,318G>A","GAGGTGCAGCTGGTGGAGTCTGGGGGA...GGCTTGGTCCAGCCTGGGGGGTCCCTGAGACTCTCCTGTGCAGCCTCTGGATTCACCTTT............AGTAGCTATTGGATGAGCTGGGTCCGCCAGGCTCCAGGGAAGGGGCTGGAGTGGGTGGCCAACATAAAGCAAGAT......GGAAGTGAGAAATACTATGTGGACTCTGTGAAG...GGCCGATTCACCATCTCCAGAGACAACGCCAAGAACTCACTGTATCTGCAAATGAACAGCCTGAGAGCCGAGGACACGGCTGTGTATTACTGTGCGAGAGA",115,5,115,115,0.368589743589744,312,1,1,10,306,"GAGGTGCAGCTGGTGGAGTCTGGGGGA...GGCTTGGTCCAGCCTGGGGGGTCCCTGAGACTCTCCTGTGCAGCCTCTGGATTCACCTTT............AGTAGCTATTGGATGAGCTGGGTCCGCCAGGCTCCAGGGAAAGGGCTGGAGTGGGTGGCCAACATAAAGCAAGAT......GGAAGTGAGAAATACTATGTGGACTCTGTGAAG...GGCCGATTCACCATCTCCAGAGACAACGCCAAGAACTCACTGTATCTGCAAATGAACAGCCTGAGAGCCGAGGACACGGCTGTGTATTACTGTGCGAGGGA",0,1,318,0.125,2,261,117,0.375,47,1,0.05,1,0.15,0.75
"IGHV3-7*04","Novel allele found!","IGHV3-7*04_A144G_G318A","144A>G,318G>A","GAGGTGCAGCTGGTGGAGTCTGGGGGA...GGCTTGGTCCAGCCTGGGGGGTCCCTGAGACTCTCCTGTGCAGCCTCTGGATTCACCTTT............AGTAGCTATTGGATGAGCTGGGTCCGCCAGGCTCCAGGGAAGGGGCTGGAGTGGGTGGCCAACATAAAGCAAGAT......GGAAGTGAGAAATACTATGTGGACTCTGTGAAG...GGCCGATTCACCATCTCCAGAGACAACGCCAAGAACTCACTGTATCTGCAAATGAACAGCCTGAGAGCCGAGGACACGGCTGTGTATTACTGTGCGAGAGA",115,5,115,115,0.368589743589744,312,1,2,11,281,"GAGGTGCAGCTGGTGGAGTCTGGGGGA...GGCTTGGTCCAGCCTGGGGGGTCCCTGAGACTCTCCTGTGCAGCCTCTGGATTCACCTTT............AGTAGCTATTGGATGAGCTGGGTCCGCCAGGCTCCAGGGAAAGGGCTGGAGTGGGTGGCCAACATAAAGCAAGAT......GGAAGTGAGAAATACTATGTGGACTCTGTGAAG...GGCCGATTCACCATCTCCAGAGACAACGCCAAGAACTCACTGTATCTGCAAATGAACAGCCTGAGAGCCGAGGACACGGCTGTGTATTACTGTGCGAGGGA",0,1,318,0.125,3,260,215,0.689102564102564,87,2,0.05,1,0.15,0.75
"IGHV3-7*04","Novel allele found!","IGHV3-7*04_A144G_T300C_G318A","144A>G,300T>C,318G>A","GAGGTGCAGCTGGTGGAGTCTGGGGGA...GGCTTGGTCCAGCCTGGGGGGTCCCTGAGACTCTCCTGTGCAGCCTCTGGATTCACCTTT............AGTAGCTATTGGATGAGCTGGGTCCGCCAGGCTCCAGGGAAGGGGCTGGAGTGGGTGGCCAACATAAAGCAAGAT......GGAAGTGAGAAATACTATGTGGACTCTGTGAAG...GGCCGATTCACCATCTCCAGAGACAACGCCAAGAACTCACTGTATCTGCAAATGAACAGCCTGAGAGCCGAGGACACGGCCGTGTATTACTGTGCGAGAGA",98,6,98,98,0.314102564102564,312,1,2,11,281,"GAGGTGCAGCTGGTGGAGTCTGGGGGA...GGCTTGGTCCAGCCTGGGGGGTCCCTGAGACTCTCCTGTGCAGCCTCTGGATTCACCTTT............AGTAGCTATTGGATGAGCTGGGTCCGCCAGGCTCCAGGGAAAGGGCTGGAGTGGGTGGCCAACATAAAGCAAGAT......GGAAGTGAGAAATACTATGTGGACTCTGTGAAG...GGCCGATTCACCATCTCCAGAGACAACGCCAAGAACTCACTGTATCTGCAAATGAACAGCCTGAGAGCCGAGGACACGGCTGTGTATTACTGTGCGAGGGA",0,1,318,0.125,3,260,215,0.689102564102564,87,2,0.05,1,0.15,0.75
"IGHV3-21*01","No positions pass y-intercept test.",NA,NA,NA,NA,NA,NA,NA,NA,845,1,1,10,124,"GAGGTGCAGCTGGTGGAGTCTGGGGGA...GGCCTGGTCAAGCCTGGGGGGTCCCTGAGACTCTCCTGTGCAGCCTCTGGATTCACCTTC............AGTAGCTATAGCATGAACTGGGTCCGCCAGGCTCCAGGGAAGGGGCTGGAGTGGGTCTCATCCATTAGTAGTAGT......AGTAGTTACATATACTACGCAGACTCAGTGAAG...GGCCGATTCACCATCTCCAGAGACAACGCCAAGAACTCACTGTATCTGCAAATGAACAGCCTGAGAGCCGAGGACACGGCTGTGTATTACTGTGCGAGAGA",601,1,318,0.125,0,NA,NA,NA,NA,NA,0.05,1,0.15,0.75
"IGHV3-21*06","Novel allele found!","IGHV3-21*06_T255C","255T>C","GAGGTGCAGCTGGTGGAGTCTGGGGGA...GGCCTGGTCAAGCCTGGGGGGTCCCTGAGACTCTCCTGTGCAGCCTCTGGATTCACCTTC............AGTAGCTATAGCATGAACTGGGTCCGCCAGGCTCCAGGGAAGGGGCTGGAGTGGGTCTCATCCATTAGTAGTAGT......AGTAGTTACATATACTACGCAGACTCAGTGAAG...GGCCGATTCACCATCTCCAGAGACAACGCCAAGAACTCACTGTATCTGCAAATGAACAGCCTGAGAGCCGAGGACACGGCTGTGTATTACTGTGCGAGAGA",601,6,599,720,0.85207100591716,845,1,1,10,844,"GAGGTGCAGCTGGTGGAGTCTGGGGGA...GGCCTGGTCAAGCCTGGGGGGTCCCTGAGACTCTCCTGTGCAGCCTCTGGATTCACCTTC............AGTAGCTATAGCATGAACTGGGTCCGCCAGGCTCCAGGGAAGGGGCTGGAGTGGGTCTCATCCATTAGTAGTAGT......AGTAGTTACATATACTACGCAGACTCAGTGAAG...GGCCGATTCACCATCTCCAGAGACAACGCCAAGAATTCACTGTATCTGCAAATGAACAGCCTGAGAGCCGAGGACACGGCTGTGTATTACTGTGCGAGAGA",0,1,318,0.125,1,843,720,0.85207100591716,89,1,0.05,1,0.15,0.75
"IGHV3-48*03","No positions pass y-intercept test.",NA,NA,NA,NA,NA,NA,NA,NA,543,1,1,10,234,"GAGGTGCAGCTGGTGGAGTCTGGGGGA...GGCTTGGTACAGCCTGGAGGGTCCCTGAGACTCTCCTGTGCAGCCTCTGGATTCACCTTC............AGTAGTTATGAAATGAACTGGGTCCGCCAGGCTCCAGGGAAGGGGCTGGAGTGGGTTTCATACATTAGTAGTAGT......GGTAGTACCATATACTACGCAGACTCTGTGAAG...GGCCGATTCACCATCTCCAGAGACAACGCCAAGAACTCACTGTATCTGCAAATGAACAGCCTGAGAGCCGAGGACACGGCTGTTTATTACTGTGCGAGAGA",232,1,318,0.125,0,NA,NA,NA,NA,NA,0.05,1,0.15,0.75
"IGHV3-48*03","Novel allele found!","IGHV3-48*03_A48G_T108C_G112A_A113G_A114C_G184A_C246T_C287A_T303G","48A>G,108T>C,112G>A,113A>G,114A>C,184G>A,246C>T,287C>A,303T>G","GAGGTGCAGCTGGTGGAGTCTGGGGGA...GGCTTGGTACAGCCTGGGGGGTCCCTGAGACTCTCCTGTGCAGCCTCTGGATTCACCTTC............AGTAGCTATAGCATGAACTGGGTCCGCCAGGCTCCAGGGAAGGGGCTGGAGTGGGTTTCATACATTAGTAGTAGT......AGTAGTACCATATACTACGCAGACTCTGTGAAG...GGCCGATTCACCATCTCCAGAGACAATGCCAAGAACTCACTGTATCTGCAAATGAACAGCCTGAGAGACGAGGACACGGCTGTGTATTACTGTGCGAGAGA",129,6,129,150,0.276243093922652,543,1,9,18,184,"GAGGTGCAGCTGGTGGAGTCTGGGGGA...GGCTTGGTACAGCCTGGAGGGTCCCTGAGACTCTCCTGTGCAGCCTCTGGATTCACCTTC............AGTAGTTATGAAATGAACTGGGTCCGCCAGGCTCCAGGGAAGGGGCTGGAGTGGGTTTCATACATTAGTAGTAGT......GGTAGTACCATATACTACGCAGACTCTGTGAAG...GGCCGATTCACCATCTCCAGAGACAACGCCAAGAACTCACTGTATCTGCAAATGAACAGCCTGAGAGCCGAGGACACGGCTGTTTATTACTGTGCGAGAGA",232,1,318,0.125,9,183,150,0.276243093922652,51,1,0.05,1,0.15,0.75
"IGHV3-48*02","No positions pass y-intercept test.",NA,NA,NA,NA,NA,NA,NA,NA,543,1,1,10,353,"GAGGTGCAGCTGGTGGAGTCTGGGGGA...GGCTTGGTACAGCCTGGGGGGTCCCTGAGACTCTCCTGTGCAGCCTCTGGATTCACCTTC............AGTAGCTATAGCATGAACTGGGTCCGCCAGGCTCCAGGGAAGGGGCTGGAGTGGGTTTCATACATTAGTAGTAGT......AGTAGTACCATATACTACGCAGACTCTGTGAAG...GGCCGATTCACCATCTCCAGAGACAATGCCAAGAACTCACTGTATCTGCAAATGAACAGCCTGAGAGACGAGGACACGGCTGTGTATTACTGTGCGAGAGA",129,1,318,0.125,0,NA,NA,NA,NA,NA,0.05,1,0.15,0.75
"IGHV3-48*02","Novel allele found!","IGHV3-48*02_G48A_C108T_A112G_G113A_C114A_A184G_T246C_A287C_G303T","48G>A,108C>T,112A>G,113G>A,114C>A,184A>G,246T>C,287A>C,303G>T","GAGGTGCAGCTGGTGGAGTCTGGGGGA...GGCTTGGTACAGCCTGGAGGGTCCCTGAGACTCTCCTGTGCAGCCTCTGGATTCACCTTC............AGTAGTTATGAAATGAACTGGGTCCGCCAGGCTCCAGGGAAGGGGCTGGAGTGGGTTTCATACATTAGTAGTAGT......GGTAGTACCATATACTACGCAGACTCTGTGAAG...GGCCGATTCACCATCTCCAGAGACAACGCCAAGAACTCACTGTATCTGCAAATGAACAGCCTGAGAGCCGAGGACACGGCTGTTTATTACTGTGCGAGAGA",232,6,232,292,0.537753222836096,543,1,9,18,359,"GAGGTGCAGCTGGTGGAGTCTGGGGGA...GGCTTGGTACAGCCTGGGGGGTCCCTGAGACTCTCCTGTGCAGCCTCTGGATTCACCTTC............AGTAGCTATAGCATGAACTGGGTCCGCCAGGCTCCAGGGAAGGGGCTGGAGTGGGTTTCATACATTAGTAGTAGT......AGTAGTACCATATACTACGCAGACTCTGTGAAG...GGCCGATTCACCATCTCCAGAGACAATGCCAAGAACTCACTGTATCTGCAAATGAACAGCCTGAGAGACGAGGACACGGCTGTGTATTACTGTGCGAGAGA",129,1,318,0.125,9,357,293,0.539594843462247,72,1,0.05,1,0.15,0.75
"IGHV3-49*05","Novel allele found!","IGHV3-49*05_A40C","40A>C","GAGGTGCAGCTGGTGGAGTCTGGGGGA...GGCTTGGTACAGCCAGGGCGGTCCCTGAGACTCTCCTGTACAGCTTCTGGATTCACCTTT............GGTGATTATGCTATGAGCTGGTTCCGCCAGGCTCCAGGGAAGGGGCTGGAGTGGGTAGGTTTCATTAGAAGCAAAGCTTATGGTGGGACAACAGAATACGCCGCGTCTGTGAAA...GGCAGATTCACCATCTCAAGAGATGATTCCAAAAGCATCGCCTATCTGCAAATGAACAGCCTGAAAACCGAGGACACAGCCGTGTATTACTGTACTAGAGA",38,6,38,54,0.428571428571429,126,1,1,10,74,"GAGGTGCAGCTGGTGGAGTCTGGGGGA...GGCTTGGTAAAGCCAGGGCGGTCCCTGAGACTCTCCTGTACAGCTTCTGGATTCACCTTT............GGTGATTATGCTATGAGCTGGTTCCGCCAGGCTCCAGGGAAGGGGCTGGAGTGGGTAGGTTTCATTAGAAGCAAAGCTTATGGTGGGACAACAGAATACGCCGCGTCTGTGAAA...GGCAGATTCACCATCTCAAGAGATGATTCCAAAAGCATCGCCTATCTGCAAATGAACAGCCTGAAAACCGAGGACACAGCCGTGTATTACTGTACTAGAGA",39,1,318,0.125,1,67,54,0.428571428571429,31,1,0.05,1,0.15,0.75
"IGHV3-49*03","Novel allele found!","IGHV3-49*03_C40A","40C>A","GAGGTGCAGCTGGTGGAGTCTGGGGGA...GGCTTGGTAAAGCCAGGGCGGTCCCTGAGACTCTCCTGTACAGCTTCTGGATTCACCTTT............GGTGATTATGCTATGAGCTGGTTCCGCCAGGCTCCAGGGAAGGGGCTGGAGTGGGTAGGTTTCATTAGAAGCAAAGCTTATGGTGGGACAACAGAATACGCCGCGTCTGTGAAA...GGCAGATTCACCATCTCAAGAGATGATTCCAAAAGCATCGCCTATCTGCAAATGAACAGCCTGAAAACCGAGGACACAGCCGTGTATTACTGTACTAGAGA",39,4,39,51,0.404761904761905,126,1,1,10,71,"GAGGTGCAGCTGGTGGAGTCTGGGGGA...GGCTTGGTACAGCCAGGGCGGTCCCTGAGACTCTCCTGTACAGCTTCTGGATTCACCTTT............GGTGATTATGCTATGAGCTGGTTCCGCCAGGCTCCAGGGAAGGGGCTGGAGTGGGTAGGTTTCATTAGAAGCAAAGCTTATGGTGGGACAACAGAATACGCCGCGTCTGTGAAA...GGCAGATTCACCATCTCAAGAGATGATTCCAAAAGCATCGCCTATCTGCAAATGAACAGCCTGAAAACCGAGGACACAGCCGTGTATTACTGTACTAGAGA",38,1,318,0.125,1,58,51,0.404761904761905,28,1,0.05,1,0.15,0.75
"IGHV3-66*02","No positions pass y-intercept test.",NA,NA,NA,NA,NA,NA,NA,NA,117,1,1,10,23,"GAGGTGCAGCTGGTGGAGTCTGGGGGA...GGCTTGGTCCAGCCTGGGGGGTCCCTGAGACTCTCCTGTGCAGCCTCTGGATTCACCGTC............AGTAGCAACTACATGAGCTGGGTCCGCCAGGCTCCAGGGAAGGGGCTGGAGTGGGTCTCAGTTATTTATAGCGGT.........GGTAGCACATACTACGCAGACTCCGTGAAG...GGCCGATTCACCATCTCCAGAGACAATTCCAAGAACACGCTGTATCTTCAAATGAACAGCCTGAGAGCTGAGGACACGGCTGTGTATTACTGTGCGAGA",73,1,318,0.125,0,NA,NA,NA,NA,NA,0.05,1,0.15,0.75
"IGHV3-64*01","No positions pass y-intercept test.",NA,NA,NA,NA,NA,NA,NA,NA,30,1,1,10,7,"GAGGTGCAGCTGGTGGAGTCTGGGGGA...GGCTTGGTCCAGCCTGGGGGGTCCCTGAGACTCTCCTGTGCAGCCTCTGGATTCACCTTC............AGTAGCTATGCTATGCACTGGGTCCGCCAGGCTCCAGGGAAGGGACTGGAATATGTTTCAGCTATTAGTAGTAAT......GGGGGTAGCACATATTATGCAAACTCTGTGAAG...GGCAGATTCACCATCTCCAGAGACAATTCCAAGAACACGCTGTATCTTCAAATGGGCAGCCTGAGAGCTGAGGACATGGCTGTGTATTACTGTGCGAGAGA",22,1,318,0.125,0,NA,NA,NA,NA,NA,0.05,1,0.15,0.75
"IGHV3-64*02","No positions pass y-intercept test.",NA,NA,NA,NA,NA,NA,NA,NA,30,1,1,10,27,"GAGGTGCAGCTGGTGGAGTCTGGGGAA...GGCTTGGTCCAGCCTGGGGGGTCCCTGAGACTCTCCTGTGCAGCCTCTGGATTCACCTTC............AGTAGCTATGCTATGCACTGGGTCCGCCAGGCTCCAGGGAAGGGACTGGAATATGTTTCAGCTATTAGTAGTAAT......GGGGGTAGCACATATTATGCAGACTCTGTGAAG...GGCAGATTCACCATCTCCAGAGACAATTCCAAGAACACGCTGTATCTTCAAATGGGCAGCCTGAGAGCTGAGGACATGGCTGTGTATTACTGTGCGAGAGA",0,1,318,0.125,0,NA,NA,NA,NA,NA,0.05,1,0.15,0.75
"IGHV3-64*02","Novel allele found!","IGHV3-64*02_A26G_G205A","26A>G,205G>A","GAGGTGCAGCTGGTGGAGTCTGGGGGA...GGCTTGGTCCAGCCTGGGGGGTCCCTGAGACTCTCCTGTGCAGCCTCTGGATTCACCTTC............AGTAGCTATGCTATGCACTGGGTCCGCCAGGCTCCAGGGAAGGGACTGGAATATGTTTCAGCTATTAGTAGTAAT......GGGGGTAGCACATATTATGCAAACTCTGTGAAG...GGCAGATTCACCATCTCCAGAGACAATTCCAAGAACACGCTGTATCTTCAAATGGGCAGCCTGAGAGCTGAGGACATGGCTGTGTATTACTGTGCGAGAGA",22,5,22,23,0.766666666666667,30,1,2,11,26,"GAGGTGCAGCTGGTGGAGTCTGGGGAA...GGCTTGGTCCAGCCTGGGGGGTCCCTGAGACTCTCCTGTGCAGCCTCTGGATTCACCTTC............AGTAGCTATGCTATGCACTGGGTCCGCCAGGCTCCAGGGAAGGGACTGGAATATGTTTCAGCTATTAGTAGTAAT......GGGGGTAGCACATATTATGCAGACTCTGTGAAG...GGCAGATTCACCATCTCCAGAGACAATTCCAAGAACACGCTGTATCTTCAAATGGGCAGCCTGAGAGCTGAGGACATGGCTGTGTATTACTGTGCGAGAGA",0,1,318,0.125,2,26,23,0.766666666666667,21,1,0.05,1,0.15,0.75
"IGHV3-64D*06","No positions pass y-intercept test.",NA,NA,NA,NA,NA,NA,NA,NA,85,1,1,10,13,"GAGGTGCAGCTGGTGGAGTCTGGGGGA...GGCTTGGTCCAGCCTGGGGGGTCCCTGAGACTCTCCTGTTCAGCCTCTGGATTCACCTTC............AGTAGCTATGCTATGCACTGGGTCCGCCAGGCTCCAGGGAAGGGACTGGAATATGTTTCAGCTATTAGTAGTAAT......GGGGGTAGCACATACTACGCAGACTCCGTGAAG...GGCAGATTCACCATCTCCAGAGACAATTCCAAGAACACGCTGTATCTTCAAATGAGCAGTCTGAGAGCTGAGGACACGGCTGTGTATTACTGTGTGAAAGA",54,1,318,0.125,0,NA,NA,NA,NA,NA,0.05,1,0.15,0.75
"IGHV3-73*01","No positions pass y-intercept test.",NA,NA,NA,NA,NA,NA,NA,NA,30,1,1,10,14,"GAGGTGCAGCTGGTGGAGTCTGGGGGA...GGCTTGGTCCAGCCTGGGGGGTCCCTGAAACTCTCCTGTGCAGCCTCTGGGTTCACCTTC............AGTGGCTCTGCTATGCACTGGGTCCGCCAGGCTTCCGGGAAAGGGCTGGAGTGGGTTGGCCGTATTAGAAGCAAAGCTAACAGTTACGCGACAGCATATGCTGCGTCGGTGAAA...GGCAGGTTCACCATCTCCAGAGATGATTCAAAGAACACGGCGTATCTGCAAATGAACAGCCTGAAAACCGAGGACACGGCCGTGTATTACTGTACTAGACA",6,1,318,0.125,0,NA,NA,NA,NA,NA,0.05,1,0.15,0.75
"IGHV3-73*02","Position(s) passed y-intercept (21) but A J-junction combination is too prevalent (18.8% of sequences)..",NA,NA,NA,NA,NA,NA,16,0.533333333333333,30,1,1,10,21,"GAGGTGCAGCTGGTGGAGTCCGGGGGA...GGCTTGGTCCAGCCTGGGGGGTCCCTGAAACTCTCCTGTGCAGCCTCTGGGTTCACCTTC............AGTGGCTCTGCTATGCACTGGGTCCGCCAGGCTTCCGGGAAAGGGCTGGAGTGGGTTGGCCGTATTAGAAGCAAAGCTAACAGTTACGCGACAGCATATGCTGCGTCGGTGAAA...GGCAGGTTCACCATCTCCAGAGATGATTCAAAGAACACGGCGTATCTGCAAATGAACAGCCTGAAAACCGAGGACACGGCCGTGTATTACTGTACTAGACA",6,1,318,0.125,1,20,16,0.533333333333333,12,0,0.05,1,0.15,0.75
"IGHV3-72*01","No positions pass y-intercept test.",NA,NA,NA,NA,NA,NA,NA,NA,14,1,1,10,4,"GAGGTGCAGCTGGTGGAGTCTGGGGGA...GGCTTGGTCCAGCCTGGAGGGTCCCTGAGACTCTCCTGTGCAGCCTCTGGATTCACCTTC............AGTGACCACTACATGGACTGGGTCCGCCAGGCTCCAGGGAAGGGGCTGGAGTGGGTTGGCCGTACTAGAAACAAAGCTAACAGTTACACCACAGAATACGCCGCGTCTGTGAAA...GGCAGATTCACCATCTCAAGAGATGATTCAAAGAACTCACTGTATCTGCAAATGAACAGCCTGAAAACCGAGGACACGGCCGTGTATTACTGTGCTAGAGA",6,1,318,0.125,0,NA,NA,NA,NA,NA,0.05,1,0.15,0.75
"IGHV3-23*04","No positions pass y-intercept test.",NA,NA,NA,NA,NA,NA,NA,NA,467,1,1,10,85,"GAGGTGCAGCTGGTGGAGTCTGGGGGA...GGCTTGGTACAGCCTGGGGGGTCCCTGAGACTCTCCTGTGCAGCCTCTGGATTCACCTTT............AGCAGCTATGCCATGAGCTGGGTCCGCCAGGCTCCAGGGAAGGGGCTGGAGTGGGTCTCAGCTATTAGTGGTAGT......GGTGGTAGCACATACTACGCAGACTCCGTGAAG...GGCCGGTTCACCATCTCCAGAGACAATTCCAAGAACACGCTGTATCTGCAAATGAACAGCCTGAGAGCCGAGGACACGGCCGTATATTACTGTGCGAAAGA",307,1,318,0.125,0,NA,NA,NA,NA,NA,0.05,1,0.15,0.75
"IGHV3-13*05","No positions pass y-intercept test.",NA,NA,NA,NA,NA,NA,NA,NA,21,1,1,10,2,"GAGGTGCAGCTGGTGGAGTCTGGGGGA...GGCTTGGTACAGCCTGGGGGGTCCCTGAGACTCTCCTGTGCAGCCTCTGGATTCACCTTC............AGTAGCTACGACATGCACTGGGTCCGCCAAGCTACAGGAAAAGGTCTGGAGTGGGTCTCAGCTATTGGTACTGCT.........GGTGACCCATACTATCCAGGCTCCGTGAAG...GGCCGATTCACCATCTCCAGAGAAAATGCCAAGAACTCCTTGTATCTTCAAATGAACAGCCTGAGAGCCGGGGACACGGCTGTGTATTACTGTGCAAGAGA",17,1,318,0.125,0,NA,NA,NA,NA,NA,0.05,1,0.15,0.75
"IGHV3-15*01","No positions pass y-intercept test.",NA,NA,NA,NA,NA,NA,NA,NA,313,1,1,10,115,"GAGGTGCAGCTGGTGGAGTCTGGGGGA...GGCTTGGTAAAGCCTGGGGGGTCCCTTAGACTCTCCTGTGCAGCCTCTGGATTCACTTTC............AGTAACGCCTGGATGAGCTGGGTCCGCCAGGCTCCAGGGAAGGGGCTGGAGTGGGTTGGCCGTATTAAAAGCAAAACTGATGGTGGGACAACAGACTACGCTGCACCCGTGAAA...GGCAGATTCACCATCTCAAGAGATGATTCAAAAAACACGCTGTATCTGCAAATGAACAGCCTGAAAACCGAGGACACAGCCGTGTATTACTGTACCACAGA",152,1,318,0.125,0,NA,NA,NA,NA,NA,0.05,1,0.15,0.75
"IGHV3-15*05","Novel allele found!","IGHV3-15*05_T279C","279T>C","GAGGTGCAGCTGGTGGAGTCTGGGGGA...GGCTTGGTAAAGCCTGGGGGGTCCCTTAGACTCTCCTGTGCAGCCTCTGGATTCACTTTC............AGTAACGCCTGGATGAGCTGGGTCCGCCAGGCTCCAGGGAAGGGGCTGGAGTGGGTTGGCCGTATTAAAAGCAAAACTGATGGTGGGACAACAGACTACGCTGCACCCGTGAAA...GGCAGATTCACCATCTCAAGAGATGATTCAAAAAACACGCTGTATCTGCAAATGAACAGCCTGAAAACCGAGGACACAGCCGTGTATTACTGTACCACAGA",152,6,151,197,0.629392971246006,313,1,1,10,311,"GAGGTGCAGCTGGTGGAGTCTGGGGGA...GGCTTGGTAAAGCCTGGGGGGTCCCTTAGACTCTCCTGTGCAGCCTCTGGATTCACTTTC............AGTAACGCCTGGATGAGCTGGGTCCGCCAGGCTCCAGGGAAGGGGCTGGAGTGGGTTGGCCGTATTAAAAGCAAAACTGATGGTGGGACAACAGACTACGCTGCACCCGTGAAA...GGCAGATTCACCATCTCAAGAGATGATTCAAAAAACACGCTGTATCTGCAAATGAACAGTCTGAAAACCGAGGACACAGCCGTGTATTACTGTACCACAGA",1,1,318,0.125,1,311,197,0.629392971246006,67,1,0.05,1,0.15,0.75
"IGHV3-20*01","No positions pass y-intercept test.",NA,NA,NA,NA,NA,NA,NA,NA,18,1,1,10,4,"GAGGTGCAGCTGGTGGAGTCTGGGGGA...GGTGTGGTACGGCCTGGGGGGTCCCTGAGACTCTCCTGTGCAGCCTCTGGATTCACCTTT............GATGATTATGGCATGAGCTGGGTCCGCCAAGCTCCAGGGAAGGGGCTGGAGTGGGTCTCTGGTATTAATTGGAAT......GGTGGTAGCACAGGTTATGCAGACTCTGTGAAG...GGCCGATTCACCATCTCCAGAGACAACGCCAAGAACTCCCTGTATCTGCAAATGAACAGTCTGAGAGCCGAGGACACGGCCTTGTATCACTGTGCGAGAGA",12,1,318,0.125,0,NA,NA,NA,NA,NA,0.05,1,0.15,0.75
"IGHV3-20*02","Novel allele found!","IGHV3-20*02_T68G","68T>G","GAGGTGCAGCTGGTGGAGTCTGGGGGA...GGTGTGGTACGGCCTGGGGGGTCCCTGAGACTCTCCTGTGCAGCCTCTGGATTCACCTTT............GATGATTATGGCATGAGCTGGGTCCGCCAAGCTCCAGGGAAGGGGCTGGAGTGGGTCTCTGGTATTAATTGGAAT......GGTGGTAGCACAGGTTATGCAGACTCTGTGAAG...GGCCGATTCACCATCTCCAGAGACAACGCCAAGAACTCCCTGTATCTGCAAATGAACAGTCTGAGAGCCGAGGACACGGCCTTGTATCACTGTGCGAGAGA",12,5,12,14,0.777777777777778,18,1,1,10,17,"GAGGTGCAGCTGGTGGAGTCTGGGGGA...GGTGTGGTACGGCCTGGGGGGTCCCTGAGACTCTCCTTTGCAGCCTCTGGATTCACCTTT............GATGATTATGGCATGAGCTGGGTCCGCCAAGCTCCAGGGAAGGGGCTGGAGTGGGTCTCTGGTATTAATTGGAAT......GGTGGTAGCACAGGTTATGCAGACTCTGTGAAG...GGCCGATTCACCATCTCCAGAGACAACGCCAAGAACTCCCTGTATCTGCAAATGAACAGTCTGAGAGCCGAGGACACGGCCTTGTATCACTGTGCGAGAGA",0,1,318,0.125,1,17,14,0.777777777777778,12,1,0.05,1,0.15,0.75
"IGHV3-53*01","No positions pass y-intercept test.",NA,NA,NA,NA,NA,NA,NA,NA,203,1,1,10,57,"GAGGTGCAGCTGGTGGAGTCTGGAGGA...GGCTTGATCCAGCCTGGGGGGTCCCTGAGACTCTCCTGTGCAGCCTCTGGGTTCACCGTC............AGTAGCAACTACATGAGCTGGGTCCGCCAGGCTCCAGGGAAGGGGCTGGAGTGGGTCTCAGTTATTTATAGCGGT.........GGTAGCACATACTACGCAGACTCCGTGAAG...GGCCGATTCACCATCTCCAGAGACAATTCCAAGAACACGCTGTATCTTCAAATGAACAGCCTGAGAGCCGAGGACACGGCCGTGTATTACTGTGCGAGAGA",114,1,318,0.125,0,NA,NA,NA,NA,NA,0.05,1,0.15,0.75
"IGHV3-53*01","Position(s) passed y-intercept (37,241,288) but A J-junction combination is too prevalent (24% of sequences)..",NA,NA,NA,NA,NA,NA,25,0.123152709359606,203,1,3,12,37,"GAGGTGCAGCTGGTGGAGTCTGGAGGA...GGCTTGATCCAGCCTGGGGGGTCCCTGAGACTCTCCTGTGCAGCCTCTGGGTTCACCGTC............AGTAGCAACTACATGAGCTGGGTCCGCCAGGCTCCAGGGAAGGGGCTGGAGTGGGTCTCAGTTATTTATAGCGGT.........GGTAGCACATACTACGCAGACTCCGTGAAG...GGCCGATTCACCATCTCCAGAGACAATTCCAAGAACACGCTGTATCTTCAAATGAACAGCCTGAGAGCCGAGGACACGGCCGTGTATTACTGTGCGAGAGA",114,1,318,0.125,3,31,25,0.123152709359606,16,0,0.05,1,0.15,0.75
"IGHV3-53*04","No positions pass y-intercept test.",NA,NA,NA,NA,NA,NA,NA,NA,203,1,1,10,175,"GAGGTGCAGCTGGTGGAGTCTGGAGGA...GGCTTGGTCCAGCCTGGGGGGTCCCTGAGACTCTCCTGTGCAGCCTCTGGGTTCACCGTC............AGTAGCAACTACATGAGCTGGGTCCGCCAGGCTCCAGGGAAGGGGCTGGAGTGGGTCTCAGTTATTTATAGCGGT.........GGTAGCACATACTACGCAGACTCCGTGAAG...GGCCGATTCACCATCTCCAGACACAATTCCAAGAACACGCTGTATCTTCAAATGAACAGCCTGAGAGCTGAGGACACGGCCGTGTATTACTGTGCGAGAGA",16,1,318,0.125,0,NA,NA,NA,NA,NA,0.05,1,0.15,0.75
"IGHV3-53*04","Novel allele found!","IGHV3-53*04_G37A_C241G_T288C","37G>A,241C>G,288T>C","GAGGTGCAGCTGGTGGAGTCTGGAGGA...GGCTTGATCCAGCCTGGGGGGTCCCTGAGACTCTCCTGTGCAGCCTCTGGGTTCACCGTC............AGTAGCAACTACATGAGCTGGGTCCGCCAGGCTCCAGGGAAGGGGCTGGAGTGGGTCTCAGTTATTTATAGCGGT.........GGTAGCACATACTACGCAGACTCCGTGAAG...GGCCGATTCACCATCTCCAGAGACAATTCCAAGAACACGCTGTATCTTCAAATGAACAGCCTGAGAGCCGAGGACACGGCCGTGTATTACTGTGCGAGAGA",114,6,114,146,0.719211822660099,203,1,3,12,173,"GAGGTGCAGCTGGTGGAGTCTGGAGGA...GGCTTGGTCCAGCCTGGGGGGTCCCTGAGACTCTCCTGTGCAGCCTCTGGGTTCACCGTC............AGTAGCAACTACATGAGCTGGGTCCGCCAGGCTCCAGGGAAGGGGCTGGAGTGGGTCTCAGTTATTTATAGCGGT.........GGTAGCACATACTACGCAGACTCCGTGAAG...GGCCGATTCACCATCTCCAGACACAATTCCAAGAACACGCTGTATCTTCAAATGAACAGCCTGAGAGCTGAGGACACGGCCGTGTATTACTGTGCGAGAGA",16,1,318,0.125,3,172,146,0.719211822660099,47,1,0.05,1,0.15,0.75
"IGHV3-74*01","No positions pass y-intercept test.",NA,NA,NA,NA,NA,NA,NA,NA,151,1,1,10,29,"GAGGTGCAGCTGGTGGAGTCCGGGGGA...GGCTTAGTTCAGCCTGGGGGGTCCCTGAGACTCTCCTGTGCAGCCTCTGGATTCACCTTC............AGTAGCTACTGGATGCACTGGGTCCGCCAAGCTCCAGGGAAGGGGCTGGTGTGGGTCTCACGTATTAATAGTGAT......GGGAGTAGCACAAGCTACGCGGACTCCGTGAAG...GGCCGATTCACCATCTCCAGAGACAACGCCAAGAACACGCTGTATCTGCAAATGAACAGTCTGAGAGCCGAGGACACGGCTGTGTATTACTGTGCAAGAGA",93,1,318,0.125,0,NA,NA,NA,NA,NA,0.05,1,0.15,0.75
"IGHV3-74*02","Novel allele found!","IGHV3-74*02_T21C","21T>C","GAGGTGCAGCTGGTGGAGTCCGGGGGA...GGCTTAGTTCAGCCTGGGGGGTCCCTGAGACTCTCCTGTGCAGCCTCTGGATTCACCTTC............AGTAGCTACTGGATGCACTGGGTCCGCCAAGCTCCAGGGAAGGGGCTGGTGTGGGTCTCACGTATTAATAGTGAT......GGGAGTAGCACAAGCTACGCGGACTCCGTGAAG...GGCCGATTCACCATCTCCAGAGACAACGCCAAGAACACGCTGTATCTGCAAATGAACAGTCTGAGAGCCGAGGACACGGCTGTGTATTACTGTGCAAGA",93,6,93,119,0.788079470198676,151,1,1,10,149,"GAGGTGCAGCTGGTGGAGTCTGGGGGA...GGCTTAGTTCAGCCTGGGGGGTCCCTGAGACTCTCCTGTGCAGCCTCTGGATTCACCTTC............AGTAGCTACTGGATGCACTGGGTCCGCCAAGCTCCAGGGAAGGGGCTGGTGTGGGTCTCACGTATTAATAGTGAT......GGGAGTAGCACAAGCTACGCGGACTCCGTGAAG...GGCCGATTCACCATCTCCAGAGACAACGCCAAGAACACGCTGTATCTGCAAATGAACAGTCTGAGAGCCGAGGACACGGCTGTGTATTACTGTGCAAGA",0,1,318,0.125,1,148,119,0.788079470198676,52,1,0.05,1,0.15,0.75
"IGHV5-51*03","Novel allele found!","IGHV5-51*03_G45C","45G>C","GAGGTGCAGCTGGTGCAGTCTGGAGCA...GAGGTGAAAAAGCCCGGGGAGTCTCTGAAGATCTCCTGTAAGGGTTCTGGATACAGCTTT............ACCAGCTACTGGATCGGCTGGGTGCGCCAGATGCCCGGGAAAGGCCTGGAGTGGATGGGGATCATCTATCCTGGT......GACTCTGATACCAGATACAGCCCGTCCTTCCAA...GGCCAGGTCACCATCTCAGCCGACAAGTCCATCAGCACCGCCTACCTGCAGTGGAGCAGCCTGAAGGCCTCGGACACCGCCATGTATTACTGTGCGAGA",251,6,251,308,0.463157894736842,665,1,1,10,414,"GAGGTGCAGCTGGTGCAGTCTGGAGCA...GAGGTGAAAAAGCCGGGGGAGTCTCTGAAGATCTCCTGTAAGGGTTCTGGATACAGCTTT............ACCAGCTACTGGATCGGCTGGGTGCGCCAGATGCCCGGGAAAGGCCTGGAGTGGATGGGGATCATCTATCCTGGT......GACTCTGATACCAGATACAGCCCGTCCTTCCAA...GGCCAGGTCACCATCTCAGCCGACAAGTCCATCAGCACCGCCTACCTGCAGTGGAGCAGCCTGAAGGCCTCGGACACCGCCATGTATTACTGTGCGAGA",213,1,318,0.125,1,364,308,0.463157894736842,66,1,0.05,1,0.15,0.75
"IGHV5-51*01","Novel allele found!","IGHV5-51*01_C45G","45C>G","GAGGTGCAGCTGGTGCAGTCTGGAGCA...GAGGTGAAAAAGCCGGGGGAGTCTCTGAAGATCTCCTGTAAGGGTTCTGGATACAGCTTT............ACCAGCTACTGGATCGGCTGGGTGCGCCAGATGCCCGGGAAAGGCCTGGAGTGGATGGGGATCATCTATCCTGGT......GACTCTGATACCAGATACAGCCCGTCCTTCCAA...GGCCAGGTCACCATCTCAGCCGACAAGTCCATCAGCACCGCCTACCTGCAGTGGAGCAGCCTGAAGGCCTCGGACACCGCCATGTATTACTGTGCGAGACA",213,6,213,251,0.377443609022556,665,1,1,10,357,"GAGGTGCAGCTGGTGCAGTCTGGAGCA...GAGGTGAAAAAGCCCGGGGAGTCTCTGAAGATCTCCTGTAAGGGTTCTGGATACAGCTTT............ACCAGCTACTGGATCGGCTGGGTGCGCCAGATGCCCGGGAAAGGCCTGGAGTGGATGGGGATCATCTATCCTGGT......GACTCTGATACCAGATACAGCCCGTCCTTCCAA...GGCCAGGTCACCATCTCAGCCGACAAGTCCATCAGCACCGCCTACCTGCAGTGGAGCAGCCTGAAGGCCTCGGACACCGCCATGTATTACTGTGCGAGACA",251,1,318,0.125,1,301,251,0.377443609022556,70,1,0.05,1,0.15,0.75
"IGHV5-51*04","Novel allele found!","IGHV5-51*04_C247T","247C>T","GAGGTGCAGCTGGTGCAGTCTGGAGCA...GAGGTGAAAAAGCCGGGGGAGTCTCTGAAGATCTCCTGTAAGGGTTCTGGATACAGCTTT............ACCAGCTACTGGATCGGCTGGGTGCGCCAGATGCCCGGGAAAGGCCTGGAGTGGATGGGGATCATCTATCCTGGT......GACTCTGATACCAGATACAGCCCGTCCTTCCAA...GGCCAGGTCACCATCTCAGCCGACAAGTCCATCAGCACCGCCTACCTGCAGTGGAGCAGCCTGAAGGCCTCGGACACCGCCATGTATTACTGTGCGAGA",213,6,213,251,0.377443609022556,665,1,1,10,664,"GAGGTGCAGCTGGTGCAGTCTGGAGCA...GAGGTGAAAAAGCCGGGGGAGTCTCTGAAGATCTCCTGTAAGGGTTCTGGATACAGCTTT............ACCAGCTACTGGATCGGCTGGGTGCGCCAGATGCCCGGGAAAGGCCTGGAGTGGATGGGGATCATCTATCCTGGT......GACTCTGATACCAGATACAGCCCGTCCTTCCAA...GGCCAGGTCACCATCTCAGCCGACAAGCCCATCAGCACCGCCTACCTGCAGTGGAGCAGCCTGAAGGCCTCGGACACCGCCATGTATTACTGTGCGAGA",1,1,318,0.125,1,664,251,0.377443609022556,70,1,0.05,1,0.15,0.75
"IGHV5-51*04","Novel allele found!","IGHV5-51*04_G45C_C247T","45G>C,247C>T","GAGGTGCAGCTGGTGCAGTCTGGAGCA...GAGGTGAAAAAGCCCGGGGAGTCTCTGAAGATCTCCTGTAAGGGTTCTGGATACAGCTTT............ACCAGCTACTGGATCGGCTGGGTGCGCCAGATGCCCGGGAAAGGCCTGGAGTGGATGGGGATCATCTATCCTGGT......GACTCTGATACCAGATACAGCCCGTCCTTCCAA...GGCCAGGTCACCATCTCAGCCGACAAGTCCATCAGCACCGCCTACCTGCAGTGGAGCAGCCTGAAGGCCTCGGACACCGCCATGTATTACTGTGCGAGA",251,6,251,308,0.463157894736842,665,1,2,11,413,"GAGGTGCAGCTGGTGCAGTCTGGAGCA...GAGGTGAAAAAGCCGGGGGAGTCTCTGAAGATCTCCTGTAAGGGTTCTGGATACAGCTTT............ACCAGCTACTGGATCGGCTGGGTGCGCCAGATGCCCGGGAAAGGCCTGGAGTGGATGGGGATCATCTATCCTGGT......GACTCTGATACCAGATACAGCCCGTCCTTCCAA...GGCCAGGTCACCATCTCAGCCGACAAGCCCATCAGCACCGCCTACCTGCAGTGGAGCAGCCTGAAGGCCTCGGACACCGCCATGTATTACTGTGCGAGA",1,1,318,0.125,2,413,308,0.463157894736842,66,1,0.05,1,0.15,0.75
"IGHV5-10-1*03","No positions pass y-intercept test.",NA,NA,NA,NA,NA,NA,NA,NA,258,1,1,10,36,"GAAGTGCAGCTGGTGCAGTCCGGAGCA...GAGGTGAAAAAGCCCGGGGAGTCTCTGAGGATCTCCTGTAAGGGTTCTGGATACAGCTTT............ACCAGCTACTGGATCAGCTGGGTGCGCCAGATGCCCGGGAAAGGCCTGGAGTGGATGGGGAGGATTGATCCTAGT......GACTCTTATACCAACTACAGCCCGTCCTTCCAA...GGCCACGTCACCATCTCAGCTGACAAGTCCATCAGCACTGCCTACCTGCAGTGGAGCAGCCTGAAGGCCTCGGACACCGCCATGTATTACTGTGCGAGA",163,1,318,0.125,0,NA,NA,NA,NA,NA,0.05,1,0.15,0.75
"IGHV3-43D*04","No positions pass y-intercept test.",NA,NA,NA,NA,NA,NA,NA,NA,48,1,1,10,10,"GAAGTGCAGCTGGTGGAGTCTGGGGGA...GTCGTGGTACAGCCTGGGGGGTCCCTGAGACTCTCCTGTGCAGCCTCTGGATTCACCTTT............GATGATTATGCCATGCACTGGGTCCGTCAAGCTCCGGGGAAGGGTCTGGAGTGGGTCTCTCTTATTAGTTGGGAT......GGTGGTAGCACATACTATGCAGACTCTGTGAAG...GGTCGATTCACCATCTCCAGAGACAACAGCAAAAACTCCCTGTATCTGCAAATGAACAGTCTGAGAGCTGAGGACACCGCCTTGTATTACTGTGCAAAAGATA",35,1,318,0.125,0,NA,NA,NA,NA,NA,0.05,1,0.15,0.75
"IGHV3-43*01","No positions pass y-intercept test.",NA,NA,NA,NA,NA,NA,NA,NA,74,1,1,10,8,"GAAGTGCAGCTGGTGGAGTCTGGGGGA...GTCGTGGTACAGCCTGGGGGGTCCCTGAGACTCTCCTGTGCAGCCTCTGGATTCACCTTT............GATGATTATACCATGCACTGGGTCCGTCAAGCTCCGGGGAAGGGTCTGGAGTGGGTCTCTCTTATTAGTTGGGAT......GGTGGTAGCACATACTATGCAGACTCTGTGAAG...GGCCGATTCACCATCTCCAGAGACAACAGCAAAAACTCCCTGTATCTGCAAATGAACAGTCTGAGAACTGAGGACACCGCCTTGTATTACTGTGCAAAAGATA",56,1,318,0.125,0,NA,NA,NA,NA,NA,0.05,1,0.15,0.75
"IGHV3-9*03","No positions pass y-intercept test.",NA,NA,NA,NA,NA,NA,NA,NA,100,1,1,10,25,"GAAGTGCAGCTGGTGGAGTCTGGGGGA...GGCTTGGTACAGCCTGGCAGGTCCCTGAGACTCTCCTGTGCAGCCTCTGGATTCACCTTT............GATGATTATGCCATGCACTGGGTCCGGCAAGCTCCAGGGAAGGGCCTGGAGTGGGTCTCAGGTATTAGTTGGAAT......AGTGGTAGCATAGGCTATGCGGACTCTGTGAAG...GGCCGATTCACCATCTCCAGAGACAACGCCAAGAACTCCCTGTATCTGCAAATGAACAGTCTGAGAGCTGAGGACATGGCCTTGTATTACTGTGCAAAAGATA",68,1,318,0.125,0,NA,NA,NA,NA,NA,0.05,1,0.15,0.75
